input,freq,chhan_id
ai ai,0,4565
bâng bâng,0,1565
bó,0,187
bông bông,0,1566
bú,0,187
chan,0,2973
chek,0,1637
chhih chhih,0,1417
chi,0,1180
chiam,0,1821
chiu,0,1731
chiá,10,150
chiáng,0,4140
chióng,0,240
chong,0,4136
ché,0,230
chí,0,226
chím,0,4180
e,0,149
hi,0,4360
hiaⁿ,0,272
hu,0,2052
hut hut,0,3611
hêng,0,946
hòa,0,151
ia̍h,0,1806
iûⁿ,0,858
iāⁿ iāⁿ,0,1680
jiông,0,3978
kang,0,307
khah,3392,104
khak,0,931
khiàu khiàu,0,1476
khok khok,0,1477
kho̍k kho̍k,0,1477
khá,0,2220
ki ki,0,3137
kiak kiak,0,3624
kia̍k kia̍k,0,3624
kiān,0,2970
koaⁿ,0,1125
ko͘,0,1011
kà kà,0,2161
kéng,0,933
kê,0,4011
kì kì,0,1475
kîⁿ,0,2275
kòng kòng,0,3224
kôe,0,4011
kô͘ kô͘,0,1483
kīm,0,4099
kū,0,1382
lin long,0,3627
liàn liàn,0,2431
liâu,0,1757
lok lok,0,2461
lu̍t,0,2469
làm,0,1589
lâu,0,2387
lìn lìn,0,2431
lòm,0,1589
lòng lòng,0,2407
lóng lóng,0,2406
lī lī,0,4770
lōa,0,575
mà mà,0,2478
oe,0,1212
pa,0,3904
peh,0,122
phiâⁿ,0,854
pho pho,0,4988
phut phut,0,2254
phài,0,4817
phí,0,1915
phóng phóng,0,2571
phō͘,0,1817
piàng piàng,0,1484
po͘,0,3330
po͘ thâu,0,4032
pâi,0,3547
pê,0,954
sai,0,450
sai sai,0,1495
sak,0,2622
siak siak,0,3440
sian,0,1718
sih sih,0,1496
siâu,0,1191
siāng,547,128
siōng,1095,128
sàng,0,452
sì lâng,0,647
só,0,4178
sû,0,2714
tan,0,3846
tang tang,0,3157
te,0,2516
tek,0,1482
te̍k,0,1482
thi thi,0,4225
thiaⁿ,1850,135
thàng thàng,0,2804
thâu,0,8
tiong,0,545
tiuⁿ lê,0,2392
tiuⁿ lôe,0,2392
tiân,0,1978
tiâⁿ,0,2855
tiāu,0,2219
tn̂g,0,551
tuh tuh,0,2911
tun,0,1095
tû,0,1104
tī tāi,0,2852
tū tū,0,2915
a,0,31
ah,0,31
ka,0,296
à,0,31
á,0,1
á kiáⁿ,0,4558
î,0,3010
ḿ,0,685
a thài,0,4578
a bí,0,589
a bí cho̍k,0,4577
a chiu,0,590
a kiat á,0,3683
a kâu,0,1502
a lian,0,1504
a lí káng,0,3791
a lí san,0,4376
a lí soaⁿ,0,4550
a mi,0,1499
a mí tô hu̍t,0,4186
a mí tô͘ hu̍t,0,4186
a mî,0,1499
a píⁿ á,0,3682
a pō͘,0,5111
a tok á,0,4092
a tà bū,0,1506
ai,0,4078
an lâm,0,3776
an pêng,0,1480
an sūn,0,3775
an tîn,0,5149
an tēng,0,3831
ang,0,607
ang tôaⁿ,0,611
au,0,604
au iâng,0,3020
au iông,0,3020
au âng,0,1518
ba nih,0,4281
be̍h liâu,0,5341
bi long,0,3329
bi lóng,0,3329
biâu le̍k,0,4282
boán chiu,0,3778
bo̍k,0,5304
bo̍k chhoan,0,5104
bo̍k hā,0,5175
bu lun,0,3696
bun un,0,3696
bun ún,0,3696
báng kah,0,1562
báng sut,0,3235
báu,0,3848
báu ò,0,3190
bâ khang,0,1543
bân bân,0,3034
bân lâm,0,4064
bé chām,0,655
bé heng,0,3780
bêng kó͘ ok,0,2953
bí chiu,0,4003
bí kok,0,918
bí kok chúi chhêng,0,5302
bí lē tó,0,4056
bí lūn,0,4332
bî long,0,3329
bî lô,0,3804
bî lô káng,0,3805
bîn hiông,0,4373
bóe chām,0,655
bóng chhī,0,3561
bóng io,0,3560
bôe san,0,3950
bông kó͘,0,5042
bú lok,0,2460
bú lo̍k,0,2460
bú lūn,0,3696
bú tiân,0,3874
bû,0,3009
bûn,0,191
bûn lâi,0,2710
bān,0,86
bān bân,0,3034
bān le̍k,0,3742
bān tan,0,3099
bāng oaⁿ,0,3252
bēng,0,3209
cha bó͘ iâⁿ,0,3883
chai tîn,0,5107
chan bûn,0,3951
chau,0,3391
cheng tiân,0,5156
chheng bo̍k,0,5123
chheng chúi,0,1057
chhia chan,0,3954
chhia chân,0,3954
chhian hio̍h,0,5166
chhiong sêng,0,883
chhit bí,0,3254
chhit chheⁿ soaⁿ,0,3755
chhit chheⁿ thâm,0,3138
chhit kó͘ liâu,0,3835
chhiū nâ á,0,886
chhoan siōng,0,5124
chhoan tiân,0,5158
chháu tùn,0,1245
chháu tūn,0,1245
chháu ê tun,0,1244
chháu ôe tun,0,1244
chhâ siâⁿ,0,710
chhâ tiân,0,5145
chhân,0,207
chhân liâu,0,3815
chhân tiong ng,0,714
chhî,0,2975
chhòa,0,2880
chhī chhoan,0,5171
chi ná,0,1181
chiang chiu,0,4019
chiang hòa,0,1850
chiang hô,0,4111
chiang pêng,0,4307
chiok,0,238
chiong,600,239
chiong chiu,0,4019
chiong hòa,0,1850
chiong kun,0,3841
chio̍h,0,3024
chio̍h chhoan,0,5114
chio̍h chéⁿ,0,3062
chio̍h kng á,0,3325
chio̍h ku khe,0,4844
chio̍h lang,0,2404
chio̍h lâng,0,613
chio̍h pâi,0,3759
chio̍h tiân,0,5140
chio̍h tēng,0,1848
chio̍h tēng á,0,4456
chiuⁿ,0,3327
chiuⁿ phó͘,0,1623
chiáu chhêng,0,3807
chiáu á tau,0,2691
chiân tiân,0,5120
chiú chéⁿ,0,3403
chiúⁿ,0,2334
chiā,10,1624
chng,0,244
choân chiu,0,1870
cho͘,0,1864
chu,0,2897
chu lô san,0,5313
chu á soaⁿ,0,4218
cháu ti,0,2952
chè lâm,0,3511
ché lâm,0,3511
chéng á,0,5222
chéⁿ siāng,0,5106
chéⁿ siōng,0,5106
chê tîn,0,5103
chìn kang,0,5017
chîn sí ông,0,5262
chîⁿ,1041,236
chò chò bo̍k,0,5099
chò iá,0,5167
chò tîn,0,5093
chó tìn,0,3828
chô,0,2987
chú koaⁿ,0,3806
chúi bé,0,529
chúi bóe,0,529
chúi lí,0,3763
chúi lí kheⁿ,0,3764
chúi siōng,0,4076
chām chùn kháu,0,653
eng chéⁿ,0,5165
eng gí,0,4794
eng gú,0,4794
eng ko,0,3332
eng ko chio̍h,0,3331
e̍k keng,0,3127
ge̍h bâi,0,1932
gio̍k chéⁿ,0,3840
gio̍k hông tāi tè,0,5284
giâm,0,3852
giâm lô,0,3855
giâm lô ông,0,3856
giâm ông,0,3854
giû tin,0,3989
goe̍h bâi,0,1932
goân,0,5146
goân chióng,0,4138
goân chū bîn,0,4693
goân tiân,0,5134
gân,0,1907
gân tì,0,805
gê,0,1908
gî,0,3850
gôe,0,3940
gô͘,0,2891
gô͘ chhe,0,1920
gû,0,3202
gû po͘,0,3743
gû po͘ á,0,3744
gû taⁿ oan,0,3448
gû tin,0,3989
gī tek ûi,0,3922
gō͘ chhe káng,0,1921
gō͘ chàn lâu á,0,1052
gūi,0,3011
ha̍k kah,0,3843
hiang káng,0,4820
hiong káng,0,4820
hiong san,0,4486
hiong san tn̂g,0,4484
hiong soaⁿ,0,4487
hiàng,0,273
hiâⁿ chhù,0,3644
hiòng,0,273
hiō tîn,0,5117
hoa,0,2040
hoa lian,0,802
hoa liân,0,802
hoa liân káng,0,801
hoan á lō͘,0,4375
hoe kan sū,0,2054
hoe lian,0,802
hoe liân,0,802
hoe liân káng,0,801
hok,0,4756
hok heng,0,3049
hok heng chng,0,3050
hok tek chèng sîn,0,5285
hok tiân,0,5128
hong káng,0,3237
hong lah,0,3870
hong tah,0,3870
hoâiⁿ pin,0,1209
hoâiⁿ soaⁿ,0,5148
hoān,0,2041
ho̍h ló,0,1308
hui chiu,0,3998
hui chiu á,0,4002
hui li̍p pin,0,1091
hui li̍t pin,0,1091
hàn bûn,0,4936
hàn io̍h,0,4935
hàn jîn,0,4773
hàn jī,0,4652
há má seng,0,3610
hân,0,2986
hâng chiu,0,4018
hâu,0,3021
hê siūⁿ chiu,0,4473
hêng chhun,0,1994
hêng chhun á,0,4446
hî kong tó,0,3193
hîm,0,2021
hòng chng,0,3050
hó͘ bé,1,5320
hó͘ bóe,1,5320
hô,0,2978
hô iá,0,4391
hô lân,0,1798
hô tiân,0,5142
hôa,0,3938
hôa gí,0,4695
hôa gú,0,4695
hôa jîn,0,2805
hôe siūⁿ chiu,0,4473
hông hô,0,3413
hông lâi,0,3967
hô͘ lô͘ tó͘,0,491
hú san,0,4381
hûiⁿ soaⁿ,0,5148
hā,0,3942
hān khe,0,4349
hō ló,0,1308
hōng soaⁿ,0,3803
hō͘ bé,0,2029
hō͘ bóe,0,2029
i lo koh,0,630
i tîn,0,3376
ia hô hoa,0,2806
ia so͘,0,3653
ia̍h keng,0,3127
ia̍p,0,677
iàn châu,0,2690
iá chhoan,0,5173
iá kháu,0,5164
iâ hô hoa,0,2806
iâ so͘,0,3653
iâm po͘,0,3788
iâu,0,3031
iông chú kang,0,3118
iû,0,2117
iûⁿ mûi,0,3737
jiáu a,0,1078
jiáu oa,0,1078
ji̍t goa̍t thâm,0,4525
ji̍t ko,0,5179
ji̍t kong,0,3679
ji̍t pún,0,4660
jî,0,2132
jîm,0,2124
jîn bú,0,3809
jîn tek,0,3825
jû,0,2132
jī chàn hâng,0,3380
jī chàn hâng khe,0,4493
jī chàn hâng khoe,0,4493
jī lūn,0,3116
jī tek ûi,0,3922
jī têng,0,4479
jī têng khe,0,4480
jī têng khoe,0,4480
jī têng káng,0,4482
jī têng po͘,0,4481
jī ông,0,4855
ka bá lán,0,3083
ka bá lân,0,3083
ka cháu,0,3240
ka gī,0,4074
ka la̍h po͘,0,1555
ka la̍h á,0,3154
ka lí,0,2166
ka lí hin,0,3244
ka má lán,0,3083
ka pòa sóa,0,3912
ka pòa sū,0,3911
ka pû lóng,0,4902
ka tang,0,2164
ka tang kha,0,2165
ka tiaⁿ á,0,789
ka tîn,0,5096
kah sian po͘,0,3821
kang soaⁿ,0,3917
kang soaⁿ á,0,3916
kang tîn,0,3897
kap chú lân,0,2282
kap húi,0,5180
kap á lān,0,3083
kat,0,2189
ke lâng,0,1370
ke lâng khi̍t,0,4068
keh,0,2887
keng te̍k,0,5333
keⁿ ti̍t,0,5333
khe chiu,0,1733
kheh,0,1126
kheh gí,0,4876
kheh gú,0,4876
kheh lâng,0,4441
kheh ōe,0,4874
khiong,0,3946
khng,0,3680
khoe chiu,0,1733
khong á liâu,0,859
khu,0,2300
khut kang,0,1727
khàm téng,0,3241
khóng,0,2296
khó͘,0,2881
không á liâu,0,859
khōng á liâu,0,859
ki,0,328
ki tok,0,4654
kiang,0,3946
kiat tiân,0,5097
kiat tâ,0,3089
kiaⁿ to͘,0,4401
kim,0,335
kim chéⁿ,0,5154
kim chú,0,5126
kim siâⁿ,0,5040
kim thah,0,2757
kiok tē,0,5174
kiong kiā,0,3725
kiong pún,0,5152
kip chúi,0,3880
kip chúi khe,0,4495
kip chúi khoe,0,4495
kiâm chúi,0,1028
kiâm chúi káng,0,3851
kiâu pún,0,5113
kióng,0,3928
kiô á thâu,0,3811
kiú pó tiân,0,3876
ko,0,2979
ko biân,0,2711
ko bo̍k,0,5147
ko chhiū,0,3789
ko chhiū kha,0,3790
ko hiông,0,3227
ko iông,0,3227
ko kiâ,0,2305
ko kiâu,0,5095
ko lê,0,1796
ko pîn khe,0,4496
ko pîn khoe,0,4496
ko tiân,0,5157
koa,0,3359
koan,0,3929
koan goân,0,5161
koan sai,0,4352
koan se,0,4351
koan tang,0,4353
koan tong,0,4353
koan tè biō,0,3832
koaⁿ tiān,0,3867
koe lâng,0,1370
koeh,0,2887
kok gí,0,4915
kok gú,0,4915
kok kháu,0,5168
kong pún,0,5133
kong san,0,3526
kong tiân,0,5118
koân soaⁿ kha,0,344
ku,0,1195
ku soaⁿ,0,5293
ku á lut,0,2468
kui jîn,0,3827
kám á lòa,0,3388
kán,0,787
kán po͘ chē,0,3773
káu tè chhù,0,3787
kè khoe,0,4006
kéng bé,0,580
kéng bóe,0,580
kéng thâu,0,581
kí,0,3027
kî san,0,3818
kî āu,0,3794
kòe khe,0,4006
kò͘,0,576
kóng koaⁿ,0,3243
kó͘ lōng sū,0,4297
kī tàn,0,3580
kīn tîn,0,5119
kńg chiu,0,4823
kńg tang,0,4824
kū tàn,0,3580
kūn tîn,0,5119
la teng,0,2964
lau ak,0,629
la̍k kah,0,3869
la̍k kha tiān,0,4073
la̍k ku lí,0,2355
le̍k,0,4929
liap,0,3933
lia̍t sū,0,4644
lio̍k,0,3026
liâm,0,1755
liân,0,371
liông kiā,0,3834
liú iâⁿ,0,3884
liû khiû,0,2438
liāu,0,2901
li̍p chhun,1,5331
li̍p hā,1,4292
li̍p hē,1,4292
loán,0,826
lo̍h,0,6
lo̍k káng,0,3863
lo̍k ní mn̂g,0,681
lo̍k tin,0,3969
lo̍k á chháu,0,4052
lo̍k á káng,0,3862
làm á,0,2378
lâi oân,0,3474
lâm chiu,0,3784
lâm hong ò,0,4388
lâm hòa,0,3829
lâm iûⁿ,0,2960
lâm káng,0,2859
lâm oaⁿ,0,5018
lâm se,0,3868
lâm tūn,0,1242
lâm á kheⁿ,0,2135
lê,0,3079
lêng bo̍k,0,5094
lêng nâ,0,1906
lêng á liâu,0,3217
lí,13744,44
lí kang khioh,0,3407
lîm,0,375
lîm phú,0,3891
lîm hn̂g,0,2453
lîm kí po͘,0,4526
lîn lo̍k,0,3038
lô,0,2441
lô chhia,0,3654
lô chúi,0,3918
lô chúi khe,0,4494
lô chúi khoe,0,4494
lô má,0,5308
lô má jī,0,4662
lô tong,0,3234
lông kiau,0,3668
lô͘,0,3016
lô͘ chiu,0,4476
lûi,0,2888
lāi mn̂g,0,3817
lāi po͘,0,3255
lē siā,0,3242
lī,0,2882
lōa hō͘,0,3919
lōa lâm,0,3921
lōe tiân,0,5144
lōng sok,0,3340
lō͘ chiu,0,4476
lō͘ kok,0,4983
lō͘ se a,0,4982
lū,0,2882
lū sòng,0,2402
lūn pòe,0,3124
lūn á,0,2466
ma ka ta o͘h,0,5003
ma ni lah,0,3699
ma ní lah,0,3699
moâi san,0,3950
má,0,2890
má chó͘,0,1956
má heng,0,3780
má kai,0,1224
má keng,0,2476
má káu,0,4998
mái,0,406
môa tāu,0,3877
môe san,0,3950
mûi,0,3736
mûi san,0,3950
negros,0,5257
na niu á,0,3333
na niû á,0,3333
ngó͘ keng hù,0,5206
ngô͘,0,2891
ngāi,0,3205
niau khang,0,1542
niau phīⁿ thâu,0,1530
niú iok,0,1826
niû,0,2981
nâ,0,2487
nâ niû á,0,3333
nâ á piⁿ,0,2452
n̂g,0,829
o mí tô hu̍t,0,4186
o pō͘,0,5111
oat á,0,2520
oaⁿ hái,0,4906
ong,0,3017
oán,0,826
oán tîn,0,5122
oân,0,1771
oân san,0,5155
o͘ bo̍k,0,5178
o͘ chúi kau,0,4291
o͘ mí tô͘ hu̍t,0,4186
o͘ siông,0,5186
pa la koah,0,3463
pa la oan,0,3959
pa lá koah,0,3463
pai oan,0,4296
pak mn̂g sū,0,3842
pak tūn,0,1243
pang kiô,0,2532
pang liâu,0,2535
pang pang gah,0,4005
pang soaⁿ,0,3781
peh táu á,0,1581
peh ông siâⁿ,0,5230
peng,0,853
pe̍h,0,413
pe̍h hô,0,3885
pe̍h soa,0,3250
pe̍h ōe jī,0,4265
pe̍k,0,3204
phoaⁿ,0,2885
phoaⁿ bo̍k ki,0,3990
phoh á kha,0,2751
phok,0,3037
phok to,0,4819
phoân kó͘,0,3443
phêⁿ,0,854
phêⁿ ô͘,0,1450
phô tô gâ,0,1941
pi lâm,0,3184
pin nn̂g sū,0,4620
pit,0,2596
piu má,0,3183
piâⁿ bó̤,0,3767
png,0,2904
po tiong,0,2860
poa̍h bé,0,4949
poeh táu á,0,1581
poh,0,3070
po͘ iâm,0,3336
pán pún,0,3686
pâi oan,0,4296
pâng,0,1019
pêng iá,0,5159
pêⁿ nâ,0,2539
pêⁿ nâ bé,0,3767
pêⁿ nâ bóe,0,3767
pêⁿ po͘ cho̍k,0,4543
pêⁿ po͘,0,4200
pí ka,0,5177
pîn tong,0,448
pîⁿ nâ bé,0,3767
pòaⁿ lō͘ tek,0,3816
pòaⁿ pêng soaⁿ,0,198
pò͘,0,3022
pò͘ tē,0,4894
pò͘ tē chhùi,0,3923
pó táu,0,3747
pô chiá,0,4023
pô tô gâ,0,1941
pôe,0,1295
pô͘ chhân,0,4071
pô͘ tô gâ,0,1941
pūn káng,0,3926
sai káng á,0,3836
sai lê,0,4506
sai mn̂g,0,451
sai sū,0,3251
sai tūn,0,1241
sam pa lang,0,2405
sam phó͘,0,5130
sam san,0,5153
sam the̍h,0,5176
sam tiau kak,0,3156
sam tiông,0,4483
san hā,0,5115
san kháu,0,5101
san kiā,0,5108
san pún,0,3039
san siōng,0,3857
san tiân,0,5098
saⁿ kak éng,0,1139
saⁿ kap chúi,0,2184
saⁿ têng po͘,0,4477
saⁿ ông,0,4854
se hek séng,0,5257
se chhoan,0,5129
se chōng,0,4129
se kòng,0,2810
se le̍k,0,3521
se mn̂g,0,451
se pan gâ,0,5025
se pí lī a,0,5043
se á oan,0,1698
se á oân,0,1698
sek kháu,0,4235
si,0,1086
si la ia,0,3697
si la iah,0,3697
si lah iah,0,3697
si lah ià,0,3697
si lá iah,0,3697
si lá ià,0,3697
siang khe kháu,0,4372
siang khoe kháu,0,4372
siau,0,2900
siau thài jiân,0,2902
siau lâng,0,3247
sih,0,2678
sih la iah,0,3697
sim,1278,100
sim tiân,0,5143
sin,0,475
sin chhī,0,3822
sin chiaⁿ,0,2658
sin chéⁿ,0,5162
sin hn̂g,0,3785
sin hong,0,4203
sin hòa,0,3826
sin iâⁿ,0,3882
sin ka pho,0,4993
sin káng,0,3878
sin kóng,0,560
sin le̍k,0,3520
sin pi,0,3783
sio,0,2
siok bū,0,3318
siáu chhoan,0,2903
siáu iá,0,5136
siáu lîm,0,3041
siáu san,0,5163
siâ,0,3206
siâng,0,816
sió liû khiû,0,2439
sió káng,0,3796
sió tó,0,5141
siông,0,3941
siông biō,0,3459
siông chéⁿ,0,5170
siông pún,0,5102
siông tiân,0,3871
siā,10,1624
siām lô,0,4120
siān hòa,0,3830
siāng tè,0,4646
siāu,0,3948
siō,0,3948
siōng iá,0,5169
siōng tiân,0,3873
siōng tè,0,4646
siū hong,0,4852
siū khá,0,2963
si̍p chí,0,2688
si̍t chí,0,2688
si̍t la̍t,0,4996
si̍t tiāu oán,0,4618
sng,0,1688
soa lak,0,2707
soa san,0,3702
soa á tē,0,5011
soaⁿ sam nâ,0,3820
soaⁿ ti mn̂g,0,3795
so͘,0,2879
su lī a,0,4971
sun,0,1688
sun mō͘ khong,0,3496
sun ngō͘ khong,0,3496
sèng keng,0,4668
sêng hông,0,3460
sì chhó,0,3774
sì kok,0,5252
sím,0,2883
sîn hō͘,0,4402
sîn kóng,0,560
sòaⁿ thâu,0,5250
sòng,0,2982
sù chhoan,0,4888
sù kok,0,5252
sù koān,0,4606
sù koān khiuⁿ,0,4607
sú,0,3203
sū lī a,0,4971
sūi hūi,0,527
sūi sūi,0,527
ta ka lok,0,2951
ta khe,0,754
ta khoe,0,754
ta pa nî,0,755
tak ka,0,4093
tang,0,498
tang cheh,0,5334
tang chio̍h,0,3924
tang choeh,0,5334
tang iûⁿ,0,2961
tang koaⁿ liâu,0,3246
tang káng,0,3239
tang lê,0,4504
tang lê khe,0,4505
tang lê khoe,0,4505
tang sì,0,2727
tang to͘,0,3866
tang tōa tun,0,1240
tek chhàm,0,3667
tek chhân,0,3782
tek hō͘,0,3813
tek kiā,0,3957
tek kóng khang,0,4434
tek lîm,0,4008
tek lāi,0,5131
tek san,0,4528
teng,0,1163
tha lí bū,0,3188
thaⁿ lí bū,0,3188
theng chiu,0,4014
the̍h kùn,0,745
thian chin,0,3968
thian iū,0,4285
thian sàng,0,3709
thian sàng pi,0,3710
thian tin,0,3968
thiâⁿ,0,3012
thiⁿ kong peh á,0,3684
thiⁿ kong peh a,0,3684
thiⁿ kong peh ah,0,3684
thiⁿ pē,0,3732
thng,0,2893
thn̂g,0,2983
thong siau,0,3155
thài chú keng,0,4346
thài pó,0,4055
thài san,0,4357
thài tiân,0,5125
thâm chú,0,4348
thâng,0,987
thâu hūn,0,4350
thâu kàu,0,3905
thó͘ lī kong,0,2829
thó͘ tī kong,0,2829
thô á hn̂g,0,4096
thô á hûiⁿ,0,4096
thô͘,0,536
thô͘ siâⁿ,0,2831
thē kùn,0,745
tiong chhoan,0,3057
tiong hô,0,4112
tiong iá,0,5135
tiong kok,0,2615
tiong po͘,0,4374
tiong san,0,5139
tiong se khu,0,3449
tiong tó,0,5109
tiuⁿ,0,548
tiuⁿ chhang miâ,0,4042
tiuⁿ kán,0,4948
tiàu khok kheⁿ,0,3647
tiân chhoan,0,5137
tiân tiong,0,715
tiâng êng,0,4028
tiâu bé,0,2861
tióng tī,0,3786
tióng êng,0,4027
tiô chiu,0,692
tiô iûⁿ,0,2857
tiô lo̍h,0,3290
tiông kiā,0,1092
tiông kok chhoan,0,5116
tiông kî,0,1092
tiông tī,0,3786
tiông êng,0,4028
tiō,2153,82
tn̂g soaⁿ,0,1372
to tiân,0,3898
toh,0,983
tong hô,0,4501
tong lêng,0,3751
tong san,0,3879
toān,0,3994
to͘ lân,0,4498
tàng téng,0,2726
táng,0,2989
táu la̍k,0,3187
táⁿ káu,0,2729
táⁿ niau,0,1531
tâi gí,0,146
tâi gú,0,146
tâi lâm,0,3798
tâi oân,1379,145
tâi oân gín á pò,0,3745
tâi oân lâng,169,4439
tâi oân ōe,0,4793
tâi pak,0,3801
tâi se,0,3896
tâi teng,0,3802
tâi tiong,0,3802
tâi táu kheⁿ,0,520
tân,0,496
tân kah keⁿ,0,3962
tân kah kiⁿ,0,3962
tân phauh,0,2950
tâng,0,3308
tâng koaⁿ liâu,0,3246
tâng oaⁿ,0,3335
tâng soaⁿ,0,2758
tè,0,505
téng chio̍h pâi,0,3761
téng káng,0,3769
tî tiân,0,5112
tîn chéⁿ,0,3063
tîn goân,0,5138
tîn tiân,0,5121
tó tiân,0,5150
tông,0,2983
tāi iá,0,5151
tāi kah,0,532
tāi lí khi̍t,0,3420
tāi pi̍t,0,3669
tāi pán,0,2159
tāi se iûⁿ,0,3746
tāi thióng,0,5160
tāi tūn soaⁿ,0,1246
tām chúi,0,782
tāu tiâⁿ,0,5269
tēng,0,1109
tēⁿ,0,2786
tēⁿ phú,0,3890
tōa sai iûⁿ,0,3746
tōa ba̍k kàng,0,775
tōa chhiū kha,0,3810
tōa chhân,0,4077
tōa ka la̍h,0,3153
tōa liâu,0,3797
tōa lāi,0,3860
tōa lōng pōng,0,3163
tōa lō͘ poān,0,447
tōa lō͘ pêng,0,447
tōa niá cha̍h,0,2962
tōa pi,0,4847
tōa pi thâu,0,4846
tōa pi ô͘,0,4848
tōa po͘,0,4075
tōa po͘ nâ,0,4072
tōa siā,0,3812
tōa sū,0,3253
tōa tiū tiâⁿ,0,5269
tōa tu̍t,0,4642
tōa tō͘,0,4640
tōa tō͘ khe,0,4641
tōa tō͘ khoe,0,4641
tōa ông,0,4856
tōng pōng,0,3163
tō͘,0,720
tō͘ pian,0,3275
tō͘ pō͘,0,5172
un,0,1238
un sio,0,3061
a píⁿ a,0,3682
a tńg,0,5231
a bó,0,4166
a bú,0,4166
a cha,0,5290
a cham,0,5290
a chek,0,4549
a ché,0,719
a chí,0,719
a chím,0,4545
a chó͘,0,4185
a hiaⁿ,0,4544
a iân,0,1501
a kong,0,592
a ko͘,0,4546
a kīm,0,4445
a lí put ta̍t,0,1503
a má,0,153
a niâ,0,1951
a pa,0,154
a pah,0,154
a peh,0,4442
a phiàn,0,594
a pâ,0,154
a sià,0,596
a só,0,4548
a î,0,4547
a ḿ,0,4443
ah lo̍h té,0,4556
ah lo̍h tóe,0,4556
ah bó,0,4553
ah bú,0,4553
ah kah,0,2073
ah kang,0,4552
ah kim,0,4557
ah kiān,0,2972
ah liâu,0,4555
ah nn̄g,0,4554
ah nūi,0,4554
ah siúⁿ,0,4269
ah á,0,4001
ah á kiáⁿ,0,4559
ah á tan,0,4058
ai ai háu,0,4566
ai ai kiò,0,4567
ai a,0,1508
ai ah,0,1508
ai ia,0,1508
ai iah,0,1508
ai io,0,1510
ai io oe,0,1509
ai ioh,0,1510
ak,0,628
ak chak,0,1511
ak chhiú,0,4190
am,0,627
am cham,0,5290
am khàm,0,625
am po͘ chhê,0,4423
am po͘ chê,0,4423
an,0,4193
an á,0,3833
an ùi,0,4810
ang bó͘,0,4198
ang kong,0,616
ang sài,0,606
ang á,0,614
ang á bó͘,0,622
ang á chheh,0,4196
ang á tô͘,0,4197
ang î,0,615
ap le̍k,0,4205
ap pek,0,605
at,0,1265
a̍h,0,3285
a̍h tio̍h,0,5264
a̍h á,0,3287
a̍h ū,0,5263
a̍p,0,3285
a̍p á,0,3287
bah,0,160
bah chhài,0,3196
bah chiùⁿ,0,3214
bah chàng,0,728
bah hú,0,1545
bah keⁿ,0,4920
bah oân,0,726
bah pó͘,0,1550
bah sò,0,3770
bah sò pn̄g,0,3771
bah îⁿ,0,727
bak,0,729
bak tó͘,0,1236
ban,0,1559
bat,0,87
ba̍k,0,169
ba̍k bâi,0,1553
ba̍k chiam,0,2949
ba̍k chiu,0,170
ba̍k chi̍t nih,0,1326
ba̍k khang,0,773
ba̍k kho͘,0,776
ba̍k kháng,0,774
ba̍k kháng chhiah,0,772
ba̍k nī,0,1554
ba̍k sek,0,1557
ba̍k sái,0,171
ba̍k tē,0,1558
ba̍t,0,1118
beh,7205,45
beh nî,0,1576
beh ài,0,4246
beh án chóaⁿ,0,4833
beh boeh,0,3069
beh ti̍h,0,905
beh ti̍hⁿ,0,905
be̍h,20,1407
be̍h á,0,1408
be̍h á chiú,0,1575
be̍h á luh,0,4524
be̍h á lù,0,4524
bih,0,1004
bián,901,178
bián kiáng,0,1605
bián kióng,0,1605
bió,0,3500
biō,0,3378
biō tiâⁿ,0,4703
bi̍t pô,0,4256
boah,0,3499
boaih,0,1008
boeh,4717,45
boeh nî,0,1576
boeh ài,0,4246
boeh án chóaⁿ,0,4833
boeh ti̍h,0,905
boeh ti̍hⁿ,0,905
boe̍h,10,1407
boe̍h á,0,1408
bong,0,182
boài,0,1008
boán ì,0,3229
boăi,0,1008
bo̍h,0,2965
bo̍h tit,0,2967
bo̍k koài,0,2966
bo̍k phiau,0,2954
bo̍k su,0,4650
bo͘,0,182
bui bui,0,3529
but á hî,0,1622
bu̍t lân tî,0,812
bàng gà,0,1561
bái,0,164
bán,0,899
bán hôe,0,3498
báng,0,981
báng tà,0,4121
báng á,0,982
bâ hoân,0,4422
bâ pì,0,4312
bâ á,0,1539
bâi chòng,0,4025
bâng,0,1570
bâng su su,0,1571
bé,599,9
bé chui,0,1611
bé ia̍h,0,1612
bé liu,0,587
bé ló,0,5337
bé phit,0,4633
bé sau,0,2640
bé thâu,10,5338
bé a,0,1709
bé á,0,1709
béng,0,4254
bê,110,1952
bêng,0,177
bêng láng,0,3347
bì luh,0,1604
bì lù,0,1604
bí,0,4582
bí hún,0,3161
bí hún chhá,0,3162
bí ko,0,1583
bí kài,0,4583
bí lē,0,4863
bí phang,0,3430
bí thai,0,3142
bí thai ba̍k,0,3143
bín,0,1608
bín tāu,0,4371
bîn bāng,0,1448
bîn chhn̂g,0,1586
bîn cho̍k,0,3117
bîn ná,0,3218
bîn ná chài,0,1009
bîn tiau,0,3322
bîn tiàu,0,3322
bîn tiāu,0,3322
bîn á,0,3218
bîn á chài,0,1009
bó gí,0,4656
bó kū,0,4177
bóe,555,9
bóe chui,0,1611
bóe ia̍h,0,1612
bóe liu,0,587
bóe sau,0,2640
bóe a,0,1709
bóe á,0,1709
bóng,0,183
bóng chôa,0,3479
bóng tóng,0,1617
bó͘,0,180
bó͘ mih,0,1610
bô,12353,40
bô chhái,0,1005
bô chhái kang,0,3256
bô châi,0,5089
bô gî,0,1196
bô gī niū,0,3573
bô hoat,0,4884
bô hoat tō͘,0,3066
bô hoân bô hó,0,4230
bô hoân bô ló,0,4230
bô hāu,0,1609
bô iàu kín,0,3186
bô iáⁿ,0,1106
bô iáⁿ bô chiah,0,2104
bô khah choa̍h,0,1603
bô khòa,0,3618
bô kâng,0,2671
bô kāng,0,2671
bô lō͘ iōng,0,2201
bô lō͘ ēng,0,2201
bô lūn,0,4258
bô siang kan,0,3987
bô siong kan,0,3987
bô ta ôa,0,3554
bô tek khak,0,4047
bô thian liâng,0,4259
bô thian liông,0,4259
bô tiuⁿ tî,0,1281
bô tè,0,1591
bô tú hó,0,1449
bô tāi châi,0,5088
bô khì,0,4831
bô ài,0,1008
bô êng,0,862
bô liâu,0,1500
bô siâng,0,2672
bô siāng,0,2672
bô sâng,0,2672
bô sāng,0,2672
bô sū sái,0,3088
bôa,0,3501
bôe á,0,3740
bông,0,1567
bông bū,0,1568
bùn,0,1626
bùn chhí,0,1627
bùn chhú,0,1627
bùn tē chhí,0,1628
bùn tē chhú,0,1628
bú gí,0,4656
bú gú,0,4656
bú hêng,0,5193
bú kū,0,4177
bú pêng,0,3265
bú a,0,3681
bú ah,0,3681
bú á,0,3681
bûn chhn̂g,0,1586
bûn chiuⁿ,0,3328
bûn ha̍k,0,4653
bûn hòa,0,192
bûn jī,0,4657
bûn pêng,0,3264
bûn tàn,0,4316
bûn tàn iū,0,4317
bā,0,942
bā bā,0,945
bā hio̍h,0,1544
bāi,0,1472
bān chhiáⁿ,0,4239
bān chhiáⁿ sī,0,4240
bāng,0,172
bāng ia̍h,0,4968
bāng lō͘,0,1563
bāng á,0,4967
bāng á thang,0,4967
bē,3116,77
bē chhun chhia,0,3040
bē chió,0,4242
bē hù,0,1174
bē kham tit,0,4465
bē kì tit,0,4464
bē sái,0,1405
bē sái tit,0,4467
bē ēng tit,0,4466
bē bái,0,917
bē chêng,0,1085
bē chêng bē,0,1084
bē giàn,0,1447
bē hiáng,0,1573
bē hiáu,0,1572
bē hô,0,1564
bē sài,0,4245
bē tàng,0,174
bī,0,1582
bīn,0,179
bīn bah,0,4228
bīn chhiuⁿ,0,4345
bīn chêng,0,4815
bīn thâng,0,4410
bīn thâu chêng,0,4255
bīn téng,0,1006
bō á,0,4213
bōe,3060,77
bōe chhun chhia,0,3040
bōe chió,0,4242
bōe hù,0,1174
bōe kham tit,0,4465
bōe kì tit,0,4464
bōe sái,0,1405
bōe sái tit,0,4467
bōe ēng tit,0,4466
bōe bái,0,917
bōe chêng,0,1085
bōe chêng bōe,0,1084
bōe chēng,0,1085
bōe chēng bōe,0,1084
bōe giàn,0,1447
bōe hiáng,0,1573
bōe hiáu,0,1572
bōe hô,0,1564
bōe tàng,0,174
bōng,0,4260
bōng pâi,0,3758
bōng á po͘,0,1616
bō͘,0,4260
bō͘ e̍k,0,4978
bō͘ pâi,0,3758
bŏa kín,0,3186
bū,0,1619
bū sà sà,0,3643
būn thâng,0,4410
būn tê,0,193
būn tôe,0,193
cha bó͘,0,195
cha bó͘ gín ná,0,5002
cha bó͘ gín á,0,5002
cha bó͘ kiáⁿ,0,5280
cha bó͘ eⁿ,0,3558
cha hng,0,814
cha ji̍t,0,813
cha po͘,0,748
cha àm,0,1625
chah,0,1328
chai,2138,89
chai eh,0,3583
chai hō,0,3582
chai iáⁿ,789,200
chai pôe,0,1296
chai ē,0,3582
chak,0,1513
chak chō,0,1512
cham,0,1822
chan á,0,3953
chang,0,1634
chang sui,0,4600
chat,0,671
chau that,0,706
cha̍h,0,1629
cha̍p,0,90
cha̍p chn̂g,0,1284
cha̍p chì,0,3046
cha̍p hè,0,3043
cha̍p hòe,0,3043
cha̍p liām,0,1087
cha̍p sè,0,1089
cha̍t,0,1302
che,1267,91
che che,0,3263
che chĕ,0,3263
cheh khì,0,5330
cheh khùi,0,5330
cheng,0,1256
cheng chha,0,633
cheng eng,0,1754
cheng khū,0,1257
cheng seⁿ,0,646
cheng sîn,0,204
che̍k bo̍k,0,3128
cheⁿ,0,635
chha,0,4766
chha bô jōa,0,712
chha bô lōa,0,712
chha pia̍t,0,5092
chha put to,0,709
chhah,0,797
chham,0,206
chham ka,0,4718
chham siông,0,1286
chhan,0,1643
chhan chhiūⁿ,781,80
chhan hn̂g,0,1197
chhan thiaⁿ,0,1303
chhang thâu,0,1055
chhang á,0,1056
chhap,0,798
chhat,0,1652
chha̍k,0,796
chha̍t,0,3305
chha̍t á,0,3306
chhe,0,4327
chhe chhau,0,922
chhe kiáu,0,4413
chheh,0,208
chheh sim,0,1666
chheng,0,93
chheng chhó,0,2740
chheng chàn,0,665
chheng khì,0,3194
chhe̍k,0,1671
chheⁿ,0,875
chheⁿ chhau,0,922
chheⁿ chhám,0,1674
chheⁿ hoan,0,1670
chheⁿ hūn,0,832
chheⁿ kông,0,831
chheⁿ leng leng,0,3628
chheⁿ lin lin,0,3628
chheⁿ lèng lèng,0,3628
chheⁿ mê,0,923
chheⁿ so͘,0,5012
chheⁿ sún sún,0,3540
chheⁿ âng teng,0,4199
chheⁿ ḿ,0,686
chhi chhi,0,3572
chhi chhám,0,1674
chhi gâi,0,167
chhi ko,0,1676
chhia,0,212
chhia bó,0,4300
chhia bú,0,4300
chhia chhiú,0,4629
chhia iāⁿ,0,1681
chhia lián,0,1410
chhia piàⁿ,0,1434
chhia pôaⁿ,0,1677
chhia sim,0,5215
chhia thâu,0,4301
chhiah bah,0,4419
chhiam si,0,3955
chhian chhiu,0,1136
chhian chháu,0,2655
chhian kòa,0,2168
chhiat,0,1687
chhiau,0,778
chhiau chhe̍k,0,3537
chhiau chhē,0,777
chhiau chhōe,0,777
chhiau kè,0,3670
chhiau kòe,0,3670
chhia̍k,0,1671
chhih,0,1418
chhim,0,879
chhim tîm,0,2942
chhin,0,3508
chhin chhiūⁿ,1562,80
chhin chiâⁿ,0,926
chhio,0,1743
chhio chhìn,0,884
chhioh,0,3360
chhiong,0,2303
chhiong kek,0,3007
chhiong koàn,0,3060
chhiong pōng,0,3555
chhiong tu̍t,0,3005
chhiong tōng,0,3006
chhio̍h á,0,1737
chhip,0,1075
chhit,0,139
chhit thô,0,881
chhit á,0,3999
chhiu chhìn,0,884
chhiuⁿ,0,4338
chhiuⁿ hî,0,4344
chhiàm khoân,0,1683
chhiàm koân,0,1683
chhiàng,0,1684
chhiàng siaⁿ,0,1685
chhiàng sù,0,1686
chhiàⁿ,0,924
chhián thoa,0,4536
chhián thoa á,0,4537
chhiáⁿ,1166,213
chhiáⁿ bān,0,3390
chhiân,0,1090
chhiâng,0,1740
chhiâng chhiâng kún,0,1738
chhiâng chāi,0,3481
chhiâu,0,1444
chhiâⁿ,0,1318
chhiâⁿ ióng,0,3507
chhiâⁿ tî,0,1319
chhiò,0,214
chhiò hai hai,0,1745
chhiò bi bi,0,1744
chhiò bî bî,0,1744
chhiò khe,0,1746
chhiò khoe,0,1746
chhiò poe,0,1774
chhiòng koàn,0,3060
chhiùⁿ,0,1764
chhiú,0,12
chhiú chí,0,885
chhiú khiau,0,1527
chhiú khoân,0,1289
chhiú khàu,0,2004
chhiú kut,0,1660
chhiú lāi,0,5034
chhiú oán,0,4110
chhiú pió,0,1759
chhiú pió á,0,1760
chhiú āu khiau,0,1526
chhiú ńg,0,827
chhiû,0,1758
chhiûⁿ á,0,1762
chhiûⁿ ûi,0,1763
chhiāⁿ chhiāⁿ,0,1682
chhiō,0,1414
chhiū,0,4788
chhiū leng,0,1390
chhiū leng thn̂g,0,3724
chhiū lin,0,1390
chhiū m̂,0,3368
chhiū ni,0,1390
chhiū phê,0,4157
chhiū phôe,0,4157
chhiū á,0,880
chhiūⁿ,0,216
chhiūⁿ kńg,0,4432
chhi̍h,0,925
chhi̍h á,0,1741
chhiⁿ,0,878
chhiⁿ chhioh,0,3623
chhiⁿ chhám,0,1674
chhiⁿ ḿ,0,686
chhng,0,3510
chhoah,0,1334
chhoah chi̍t tiô,0,4900
chhoah sái,0,1336
chhoah lâu,0,1338
chhoah peng,0,1340
chhoa̍h,0,1776
chhoe,0,4364
chhoe kiáu,0,4413
chhoeh,0,793
chhoeh sim,0,1666
chhoh,0,1199
chhoh kàn kiāu,0,1657
chhoh kàn la̍k kiāu,0,1658
chhok,0,3639
chhong pōng,0,3555
chhop,0,3639
chhoàn,0,1777
chhoán,0,4244
chhoán khùi,0,888
chhoán tōa khùi,0,889
chhoân,0,887
chho͘,0,929
chho͘ chhân,0,4131
chhu,0,1787
chhui,0,1799
chhui chiàn,0,3271
chhui pâi,0,1659
chhui sak,0,1341
chhun,0,223
chhun ê,0,1186
chhun á,0,5184
chhut,1124,16
chhut chúi,0,4939
chhut khì,0,3454
chhut lâi,0,3455
chhut mn̂g,0,5259
chhut chāi,0,4007
chhut gia̍p,0,1708
chhut hiān,0,4880
chhut sì,0,4396
chhut thâu thiⁿ,0,4355
chhut tiuⁿ,0,1183
chhut têng,0,4706
chhài chí,0,1285
chhài pó͘,0,1546
chhài se,0,3735
chhài soe,0,3735
chhàng,0,1649
chhàng chhiu,0,1651
chhàu,0,1653
chhàu chho,0,1655
chhàu hiàn,0,2012
chhàu hé ta,0,1656
chhàu hóe ta,0,1656
chhàu hī lâng,0,4937
chhàu hīⁿ lâng,0,4937
chhàu khiáu,0,1663
chhàu khám,0,1661
chhàu leng tai,0,1664
chhàu phùi,0,3086
chhàu phú,0,1200
chhàu tú khám,0,1665
chhàu tōaⁿ,0,3503
chhá,0,1053
chhá bí hún,0,3167
chhám,0,1641
chháu,0,1287
chháu chhio̍h,0,1654
chháu meh,0,2618
chháu meh kong,0,2617
chháu meh á,0,2616
chháu m̂,0,3738
chháu phō,0,3446
chháu tē,0,4420
chháu tōe,0,4420
chháu ê,10,5327
chháu ôe,10,5327
chhâ,0,708
chhâ pê,0,1080
chhâ se,0,1638
chhâ soe,0,1638
chhâ thûi,0,3543
chhâ á,0,711
chhân chháu,0,2655
chhân chhân,0,4132
chhân chng,0,1642
chhân eⁿ,0,3559
chhân iûⁿ,0,857
chhân lê,0,4407
chhâu,0,1444
chhè,0,3541
chhèng,0,1003
chhèng chí,0,1331
chhé,0,3225
chhé ûn,0,3226
chhéng,0,1673
chhê á,0,1778
chhêng,0,1415
chhêng chāi,0,3481
chhêng peh,0,1470
chhêng á,0,1416
chhì,0,788
chhì hēng,0,5225
chhì kek,0,1675
chhì khek,0,1675
chhì koe,0,1420
chhì koe á,0,1421
chhì pho,0,4992
chhìn,0,1260
chhìn chhái,0,927
chhìn á,0,1259
chhím,0,1198
chhím thâu,0,3665
chhím thâu á,0,3666
chhò,0,928
chhò gō͘,0,1766
chhò ngō͘,0,1766
chhòaⁿ,0,3660
chhòng,0,4438
chhòng sahⁿ,0,4437
chhòng siahⁿ,0,4437
chhòng siàⁿ,0,4437
chhòng siáⁿ,0,4437
chhòng sàⁿ,0,4437
chhòng sáⁿ,0,4437
chhòng tī,0,1190
chhò͘,0,4330
chhóe,0,3900
chhóng pōng,0,3555
chhôe á,0,1778
chhù,799,219
chhù bī,0,1146
chhù lāi,0,220
chhù piⁿ,0,221
chhùi,0,222
chhùi am,0,3232
chhùi chhiu,0,1189
chhùi chi̍h,0,902
chhùi gím,0,3451
chhùi kak,0,4986
chhùi kak choan pho,0,4995
chhùi khí,0,901
chhùi kím,0,3451
chhùi nōa,0,903
chhùi om,0,3232
chhùi phé,0,1801
chhùi phóe,0,1801
chhùi phúi,0,1801
chhùi ta,0,1184
chhùi tûn,0,1187
chhùiⁿ,0,2501
chhú,0,4930
chhú khì,0,4764
chhûn pān,0,1812
chhûn sim,0,3907
chhāi,0,1639
chhām,0,206
chhău,0,4503
chhē,0,218
chhēng,0,210
chhēng chhah,0,3506
chhī,0,211
chhī lāi,0,5033
chhī tìn,0,5211
chhōa,0,217
chhōe,0,218
chhūn pān,0,1812
chhǹg,0,1672
chhǹg á,0,3772
chi bai,0,1178
chi ku la̍t,0,4424
chia,843,231
chia ê,0,232
chiah,6699,94
chiah koh,0,1818
chiah ê,0,232
chiah ni̍h,640,572
chiah nī,640,572
chiang kun,0,3841
chiap,0,4785
chiap chhiok,0,1342
chiap sio̍k,0,1342
chiat,0,5329
chiat khì,0,5330
chia̍h,4181,83
chia̍h chhò͘,0,4331
chia̍h mi̍h,0,5024
chia̍h mn̍gh,0,5024
chia̍h pn̄g,0,4061
chia̍h pá,0,1819
chia̍h tàu,0,4635
chia̍h la̍t,0,3177
chia̍h mi̍h á,0,5037
chia̍h si̍t,0,1820
chia̍p,0,1320
chiaⁿ,0,1825
chiaⁿ bah,0,1824
chiaⁿ ge̍h,0,1823
chiaⁿ goe̍h,0,1823
chiaⁿ si̍t,0,1177
chih,0,1836
chih chiap,0,4012
chih chài,0,4013
chim,0,1321
chim chiok,0,1301
chin,3786,906
chin chē,0,4666
chin chōe,0,4666
chin chiàⁿ,0,237
chin chu,0,825
chio,0,1845
chioh,0,1847
chioh kháu,0,4063
chio̍h bō,0,4211
chio̍h he,0,2051
chio̍h hng,0,4288
chio̍h hoe,0,2051
chio̍h liû,0,4979
chio̍h sai,0,4161
chio̍h thâu,0,1849
chip,0,1075
chit,3583,78
chit chām á,0,660
chit chūn,0,1344
chit hō,0,1204
chit jiah,0,3469
chit khoán,181,4659
chit kóa,0,3366
chit sî,0,4803
chit ê,460,79
chit lō,0,1204
chit má,686,242
chiu nî,0,3527
chià phō͘,0,1816
chiàm,0,1317
chiàm khoân,0,1683
chiàm koân,0,1683
chiàn cheng,0,2110
chiàu,499,95
chiàu khí kang,0,1834
chiàu kò͘,0,4809
chiàu ûn,0,2099
chiàⁿ,0,233
chiàⁿ chhiú,0,1831
chiàⁿ gâ,0,4748
chiàⁿ káng,0,2808
chiàⁿ pêng,0,1830
chián jiông,0,3976
chián liú,0,1828
chián liú á,0,1829
chiáng kim,0,4139
chiáng phín,0,4141
chiáu,0,1343
chiáu chiah,0,4984
chiáu chêng,0,3807
chiáu lam,0,3355
chiáu á,0,4985
chiáu á kòa,0,5216
chiáⁿ,0,1024
chiân thê,0,3363
chiân tô͘,0,4954
chiâu,0,1282
chiâu chn̂g,0,1283
chiâu ûn,0,1835
chiâⁿ,0,234
chiâⁿ chò,0,3509
chiâⁿ chòe,0,3509
chiò,0,4742
chiòng,0,639
chiòng lâng,0,4687
chió,0,1846
chióng kim,0,4139
chióng phín,0,4141
chiù,0,4149
chiù chōa,0,1251
chiù ku,0,4150
chiùⁿ,0,3215
chiú,0,4816
chiām chiām,0,1706
chiām sî,0,3094
chiāng,0,944
chiāⁿ,0,4050
chiă,0,231
chiăn,0,3588
chiū,0,573
chiūⁿ,0,243
chiūⁿ chhia,0,4630
chiūⁿ pak,0,3373
chiūⁿ tâng,0,3397
chi̍h,0,1322
chi̍t,8553,41
chi̍t khùn,0,1851
chi̍t kóa,0,342
chi̍t sî,0,5247
chi̍t thoa,0,4586
chi̍t tiô,0,2937
chi̍t ē,884,241
chi̍t ē á,0,5233
chi̍t ba̍k nih,0,1323
chi̍t ba̍k nih á,0,1324
chi̍t chām á,0,662
chi̍t khùn á,0,1852
chi̍t sut á,0,1203
chi̍t tò͘,0,4146
chiⁿ,0,3638
chiⁿ bō,0,4212
chiⁿ tiâu,0,4214
chng kha,0,1253
chng thāⁿ,0,3635
chn̄g,0,1881
cho,0,3600
choan,0,246
choan choan,0,1871
choan kang,0,1872
choan tióng,0,4021
choaⁿ,0,3269
choaⁿ á,0,3588
choeh khùi,0,5330
choh,0,1873
choh chhân,0,1874
choh sit,0,1875
chok phín,0,4811
chong kàu,0,4841
choán,0,2742
choán chîⁿ,0,2741
choán hêng,0,5194
choán piàn,0,4772
choáⁿ iūⁿ,0,249
choân,0,248
choān,0,1288
choăn,0,3588
cho̍h ji̍t,0,815
cho̍k,0,4541
cho̍k kûn,0,4791
chu goân,0,5065
chu láng,0,3352
chu pún,0,5066
chu sûn,0,4116
chu á,0,4217
chun chhûn,0,1889
chut gia̍p,0,1707
chu̍t bí,0,1890
chà tân,0,2926
chà tôaⁿ,0,2926
chài,0,196
chài hōe,0,4087
chàn,0,1051
chàn bí,0,666
chàn siaⁿ,0,668
chàn sêng,0,667
chàu kha,0,707
chá,0,194
chá khí,0,1239
chá tǹg,0,2788
chái iūⁿ,0,4507
chái khí,0,651
cháiⁿ,0,649
cháiⁿ iūⁿ,0,4507
cháiⁿ á,0,4508
chám,0,4362
chám chháu tn̄g kin,0,3405
chám chháu tn̄g kun,0,3405
chám thâu,0,3406
chám tn̄g,0,4361
chán,0,664
cháng,0,4143
cháu,985,201
cháu khì,0,4850
cháu cheng,0,704
cháu chông,0,705
châi chêng,0,4757
châi goân,0,5060
châi tiāu,0,650
chân,0,1632
châng,0,670
châu,0,1282
châu chn̂g,0,1283
châu ûn,0,1835
chè,0,634
chèng,0,638
chèng lâng,0,4687
chèng bêng,0,644
chèng chhek,0,4840
chèng hú,0,4670
chèng kì,0,643
chèng kù,0,643
chèng thâu,0,645
chèng tī,0,205
chèⁿ,0,636
ché cheh,0,3263
chéng,0,240
chéng pún,0,4277
chéng ām,0,4472
chéng chê,0,4133
chéng chí,0,640
chéng chôe,0,4133
chéng kah,0,641
chéng lí,0,2863
chéng thâu bó,0,5082
chéng thâu bú,0,5082
chéng thâu á,0,648
chê cháⁿ,0,4135
chê chéng,0,4134
chêng,0,203
chêng hêng,0,4800
chêng kàu taⁿ,0,642
chêng nî,0,4947
chêng peh,0,1470
chìn,0,1838
chìn chêng,0,1843
chìn pō͘,0,4913
chìⁿ,0,1841
chí hó,0,227
chí ū,0,229
chí bē,0,718
chí iàu,0,228
chí moāi,0,718
chí mōe,0,718
chím má,686,242
chím pô,0,4167
chím thâu,0,1839
chím á,0,242
chín,0,4631
chíⁿ,0,1840
chîm,0,1837
chîn,0,1842
chò,2677,53
chò bī,0,3535
chò chi̍t khùn,0,1853
chò gī niū,0,3574
chò kang,0,1866
chò kang lâng,0,5045
chò lâng,0,4861
chò phōaⁿ,0,5205
chò sán khùi,0,1865
chò tui,0,1869
chò tīn,0,1868
chò hóe,0,245
chò kang á,0,5046
chò kang á lâng,0,5047
chò piah,0,4973
chòe,1632,53
chòe bī,0,3535
chòe chi̍t khùn,0,1853
chòe gī niū,0,3574
chòe kang,0,1866
chòe kang lâng,0,5045
chòe lâng,0,4861
chòe phōaⁿ,0,5205
chòe sán khùi,0,1865
chòe tui,0,1869
chòe tīn,0,1868
chòe hé,0,245
chòe hóe,0,245
chòe kang á,0,5046
chòe kang á lâng,0,5047
chòe āu,0,4829
chòng,0,4026
chóng,0,1876
chóng phò͘,0,3719
chóng phò͘ sai,0,3718
chóng sī,0,250
chó͘ kong,0,4184
chó͘ má,0,1867
chôa,0,1255
chôaⁿ á,0,3588
chôe cháⁿ,0,4135
chôe chéng,0,4134
chông,0,1877
chù bûn,0,1878
chù tiāⁿ,0,1879
chù ì,0,4926
chùn kau,0,654
chú,0,3550
chú iàu,0,4813
chú ì,0,4926
chúi,0,252
chúi chhiâng,0,1739
chúi goân,0,5059
chúi ke,0,3404
chúi kiáu,0,4411
chúi kng,0,1172
chúi koe,0,3404
chúi kéng,0,582
chúi kó,0,1880
chúi lâi,0,2366
chúi lê,0,4408
chúi tāu,0,4515
chúi tō,0,3261
chúi tō chúi,0,3262
chúi ô͘,0,4414
chún,0,4631
chún chò,0,1171
chún chòe,0,1171
chún kóng,0,1887
chún nā,0,1886
chún chat,0,1888
chún pī,0,3129
chún soah,0,3150
chún tú soah,0,3151
chûn,0,1230
chûn chiúⁿ,0,2335
chûn sim,0,3907
chûn nî,0,4945
chā ji̍t,0,813
chāi,350,199
chāi lâi,0,2958
chāi lâi bí,0,2959
chām,0,652
chām thâu,0,3406
chām tn̄g,0,4361
chām chat,0,663
chān siaⁿ,0,669
chāu,0,1636
chăng,0,814
chē,1817,92
chē kaⁿ,0,4966
chē chē,0,4665
chē kòa,0,3074
chē ūi,0,4015
chēng,0,3139
chēng kàu taⁿ,0,642
chī,0,1182
chīn,0,1036
chīn liāng,0,1035
chīn liōng,0,1035
chīn pōng,0,1844
chīⁿ,0,1182
chńg kah,0,641
chńg thâu bú,0,5082
chńg thâu á,0,648
chō,0,4017
chō ji̍t,0,815
chōa,0,1252
chōaⁿ,0,1121
chōe,1011,92
chōe chōe,0,4665
chōe kòa,0,3074
chō͘ chān,0,4612
chŏaⁿ,0,3588
chū,0,251
chū iû,0,4426
chū jiân,0,4684
chū nî,0,4945
chūiⁿ,0,1881
chūn,0,256
chǹg,0,2502
chǹg tē,0,2504
chǹg tōe,0,2504
chǹg á,0,2503
e chái,0,1895
e chái á,0,1896
e e tīn tīn,0,1892
e hng,0,1179
e po͘,0,870
e àm,0,1893
e àm sî,0,1894
ek,0,4614
eng,0,1900
eng ia,0,1901
eng kai,0,257
eng àm,0,866
e̍h,0,867
eⁿ hng,0,1179
eⁿ á,0,3556
ge̍h,0,263
ge̍h ji̍t,0,4634
ge̍h niû,0,795
gi tá,0,3505
giang,0,3634
giang á,0,3632
giap,0,1909
giat,0,2766
giat á,0,2765
gia̍h,0,809
gia̍h thâu,0,810
gia̍p,0,1909
gia̍p chè,0,4324
gia̍p miā,0,4325
gia̍t,0,1912
giàn,0,807
giàn thâu,0,808
gián kiù,0,259
giáng,0,2126
giâ,0,809
giâ thâu,0,810
giâ kang,0,1860
giâ kê,0,1856
giân sû,0,1792
giâu gî,0,736
gió,0,3636
gió toh,0,1904
giô,0,3837
giú,0,1918
giām,0,4326
giōng beh,0,2274
giōng boeh,0,2274
gi̍h,0,925
goeh,0,1910
goe̍h,0,263
goe̍h ji̍t,0,4634
goe̍h niû,0,795
goán,3210,70
goân choân,0,3097
goân chá,0,1928
goân chāi,0,3281
goân hêng,0,5192
goân in,0,1926
goân lâi,0,1927
goân pún,0,4928
goân sí,0,1930
goân thâu,0,3096
goân té,0,1929
goân tóe,0,1929
goān,0,1931
goān ì,0,1016
go̍k hî,0,1933
gá suh,0,1902
gám,0,1662
gâm,0,1905
gâu,0,258
gâu chá,0,806
gè,0,4147
gêng,0,1220
gêng géng,0,2395
gêng sim,0,1221
gì tà,0,3505
gí bûn,0,4663
gí giân,0,4875
gí gân,0,4875
gí sû,0,1793
gín ná,1148,260
gín ná phōaⁿ,0,5207
gín ná kiáⁿ,0,4470
gín ná phí,0,1917
gín á,1148,260
gín á phōaⁿ,0,5207
gín á kiáⁿ,0,4470
gín á phí,0,1917
gî pê,0,4516
gîm chîⁿ,0,1855
gîm á,0,1914
gîn,0,3664
góa,15113,36
gô,0,1919
gông,0,1215
gông chhia chhia,0,1216
gông gia̍h,0,1934
gông ngia̍h,0,1934
gô͘ khî,0,1859
gú bûn,0,4663
gú giân,0,4875
gú sû,0,1793
gún,1251,70
gû hi,0,4359
gû káng,0,3277
gû leng,0,1936
gû lin,0,1936
gû ni,0,1936
gû pi,0,5239
gû taⁿ,0,3958
gûi hiám,0,1705
gûn,0,3664
gāi gio̍h,0,1903
gām,0,1217
gām bīn,0,1218
gāng,0,1219
gē tòaⁿ,0,4070
gīm,0,1913
gōa,0,261
gōa chē,0,2121
gōa chōe,0,2121
gōa kháu,0,1925
gōa ni̍h,0,2122
gōa nī,0,2122
gōa po͘ thâu,0,4478
gōa á,0,3587
gōa á nī,0,3586
gōe seng,0,1271
gōe seng á,0,1272
gōng,0,1214
gōng tōa tai,0,1935
gō͘,0,96
gō͘ hōe,0,1922
gō͘ kái,0,1923
gō͘ lo̍k,0,1924
gŏa,0,3587
gŏa nī,0,3586
ha ha chhiò,0,1938
hah hah chhiò,0,1938
hah hì,0,1943
hahⁿ,0,3589
hai,0,3650
haiⁿ,0,1945
haiⁿ haiⁿ chhan,0,1944
hak,0,1946
ham,0,267
ham bān,0,794
ham á,0,1947
han chî,0,1669
han chî chhiam,0,1983
han chû,0,1669
han chû chhiam,0,1983
hang,0,1987
hang lô͘,0,1986
hau siâu,0,1192
ha̍hⁿ,0,1668
ha̍k hāu,0,265
ha̍k seng,0,266
ha̍k si̍p,0,4709
he,0,269
heh,0,1977
hehⁿ,0,1977
heng khám,0,1996
hi bî,0,2001
hi bāng,0,4712
hi bōng,0,4712
hi hoa,0,2807
hi hán,0,1270
hi kî,0,2000
hi seng,0,2003
hia,0,97
hia ê,0,271
hia kóng,0,4336
hia pai,0,1112
hiah,0,98
hiah ê,0,271
hiah ni̍h,0,574
hiah nī,0,574
hiahⁿ,0,2011
hiam,0,909
hian,0,908
hiang,0,3475
hiat,0,1291
hiat ka̍k,0,1292
hiat tiu,0,1290
hiau gî,0,737
hiau hiông,0,2019
hiau hēng,0,2018
hiau pai,0,1112
hiau than,0,2020
hia̍h,0,747
hia̍h thâu,0,3516
hiaⁿ ko,0,4934
hiaⁿ só,0,4182
hiaⁿ tī,0,4682
him siān,0,2036
him soān,0,2036
hioh,0,682
hioh khùn,0,679
hiong,0,3475
hiong chhiú,0,3394
hio̍h,0,676
hip,0,996
hip siàng,0,997
hip siòng,0,997
hip siōng,0,997
hit,2482,55
hit chām á,0,661
hit chūn,0,1345
hit hō,0,1205
hit jiah,0,3468
hit khoán,0,4658
hit sî,124,4804
hit ê,220,5072
hit lō,0,1205
hit tang chūn,0,1348
hit tang sî,0,1347
hit tong sî,0,1346
hiu,0,3513
hiuⁿ,0,3301
hiuⁿ ko͘,0,1012
hiuⁿ òaⁿ,0,4279
hiàn,0,2013
hiàng sî,0,1347
hiáng liāng,0,3629
hiáⁿ ba̍k,0,2016
hiâm,0,4873
hiâu,0,2017
hiâⁿ,0,907
hiâⁿ tê,0,4520
hiò,0,1464
hiòng sî,0,1346
hiò͘,0,1464
hiông hiông,0,678
hiù,0,2023
hiû á,0,2024
hiān,0,4763
hiān chhú sî,0,2015
hiān hiān,0,4767
hiān siāng,0,3001
hiān siōng,0,3001
hiān tāi,0,4795
hiāⁿ,0,3693
hiāⁿ ké,0,3694
hiāⁿ kóe,0,3694
hm̂ lâng,0,2025
hm̍h hm̍h,0,3525
hng,0,3593
hngh,0,3592
hn̄g,0,2026
hn̆g,0,3592
hn̆gh,0,3592
hoah,0,280
hoah hiu,0,3512
hoan,0,4369
hoan be̍h,0,2042
hoan e̍k,0,4368
hoan hù,0,2043
hoan koah,0,838
hoan ná,0,833
hoan sin,0,4367
hoan thâu,0,841
hoan á,0,833
hoat,0,277
hoat gê,0,3604
hoat châi,0,5061
hoat châi á,0,5063
hoat châi á chhia,0,5064
hoat hiān,0,4886
hoat pōng,0,3435
hoat seng,0,4814
hoat tián,0,4697
hoat têng,0,4704
hoat tō͘,0,3065
hoa̍h,0,3888
hoa̍t lo̍h,0,2045
hoaⁿ hí,859,99
hoe,0,27
hoe hui,0,4009
hoe kan,0,2053
hoe khaⁿ,0,4942
hoe lúi,0,2399
hoeh,0,799
hoeh hêng,0,5198
hok cha̍p,0,1088
hok im,0,4868
hok khì,0,4302
hong,0,1147
hong bīn,0,4805
hong chà,0,3651
hong sek,0,4869
hong so,0,2062
hong thai,0,1149
hong tōng,0,3652
hong éng,0,1140
hoàn,0,2327
hoán pōe,0,3053
hoâiⁿ,0,4837
hoâiⁿ châi,0,5062
hoâiⁿ ti̍t,0,3120
hoân,0,4592
hoân hó,0,839
hoân ló,0,839
hoān sè,0,842
ho̍k cha̍p,0,1088
ho̍k sāi,0,1148
ho͘,0,1206
ho͘ ta,0,770
hui,0,4155
hui hêng ki,0,1481
hui siâng,0,4721
hui siông,0,4721
huih,0,799
huih hêng,0,5198
hun,0,1350
hun khui,0,1352
hun pia̍t,0,5090
hun su,0,3282
hut,0,2066
hut jiân,0,4502
hà hà chhiò,0,1938
hà hì,0,1943
hài,0,3266
hàiⁿ,0,1135
hàm,0,1973
hàm kó͘,0,1974
hàn chháu,0,4510
hàng,0,2006
hàng leng,0,2007
hàng lin,0,2007
hàng ni,0,2007
hàu ko͘,0,3257
hàu tai,0,1988
hàuⁿ,0,3393
hàⁿ,0,3589
hái,0,270
hái ang,0,1939
hái chháu,0,4084
hái chháu hî,0,4085
hái chháu á,0,4086
hái hái,0,4643
hái kat lá,0,1645
hái kat á,0,1645
hái kha,0,3675
hái kiap,0,4034
hái lú,0,3779
hái ti,0,4382
hái ti á,0,4383
hái éng,0,1141
hám,0,1972
hán,0,1984
hán hoah,0,1985
hán tit,0,3082
háng,0,1976
háu,0,1194
háⁿ,0,1976
hâ,0,1937
hâiⁿ,0,946
hâm,0,267
hâm bîn,0,1968
hâm bān,0,794
hâm chhiàu,0,1969
hâm lúi,0,2400
hâm siàu,0,1969
hâm siàu hoe,0,1970
hâng khong,0,4020
hâⁿ,0,4489
hè,0,281
hèng,0,1993
hèⁿ,0,1992
hé,0,279
hé chhiam,0,1981
hé hu,0,2049
hé kì,0,2056
hé kńg,0,4452
hé kńg tek,0,4451
hé lêng kó,0,804
hé pé,0,3908
hê,0,1989
hê bí,0,3703
hê hok,0,3042
hê kńg,0,3491
hê lāng,0,3351
hê phoe,0,2058
hê pi,0,5240
hê siūⁿ,0,803
hê á,0,4533
hêng chong,0,1995
hêng iáⁿ,0,5188
hêng lí,0,4243
hêng sek,0,5189
hêng siāng,0,3000
hêng siōng,0,3000
hêng thài,0,1997
hêng thé,0,1998
hêng thāi,0,1997
hêⁿ,0,4489
hì,0,1999
hì chhut,0,2002
hì iām,0,3064
hìⁿ,0,1135
hî,0,24
hî chhì,0,1422
hî chûn,0,3191
hî hú,0,1548
hî káng,0,3642
hî liu,0,3417
hî pó͘,0,1547
hî siúⁿ,0,4270
hî ùn,0,2009
hî ùn á,0,2008
hîn,0,683
hòa chong,0,1227
hòe,0,281
hòng khì,0,1351
hòng sim,0,4160
hòng tōng,0,3220
hò͘,0,2027
hò͘ táu,0,4418
hò͘ⁿ,0,569
hò͘ⁿ hiân,0,800
hó,3226,71
hó ka chài,0,1207
hó kai chài,0,1207
hó lâng,0,5270
hó thiⁿ,0,5271
hó táⁿ,0,2037
hó khang,0,1097
hó sè,0,276
hóe,0,279
hóe chhiam,0,1981
hóe hu,0,2049
hóe kì,0,2056
hóe kńg,0,4452
hóe kńg tek,0,4451
hóe liông kó,0,804
hóe pé,0,3908
hóng,0,2061
hóng á,0,2060
hó͘,0,4119
hó͘ lān,0,2030
hó͘ m̂ á,0,3741
hôe,0,2057
hôe hok,0,3042
hôe phoe,0,2058
hôe siūⁿ,0,803
hông,0,1304
hô͘,0,2028
hô͘ chio,0,3678
hô͘ liu,0,2035
hô͘ lô͘,0,3997
hô͘ sîn,0,2031
hô͘ tô͘,0,1942
hù,0,1175
hù ha̍p,0,528
hù kì,0,5309
hù kīn,0,4531
hù kūn,0,4531
hùi khì,0,1349
hùi sîn,0,4404
hùn,0,2064
hú,0,1551
hú á,0,1552
hún îⁿ,0,2065
hû ha̍p,0,528
hûi,0,1306
hûi hiám,0,1705
hûi á,0,1307
hûiⁿ,0,4837
hûiⁿ châi,0,5062
hûiⁿ ti̍t,0,3120
hûn,0,1353
hāi,0,4761
hām,0,267
hām bîn,0,1968
hāng,0,268
hāu seⁿ,0,1193
hāⁿ,0,1668
hăhⁿ,0,3589
hăn khó͘,0,3200
hăⁿ,0,3589
hē,0,1991
hē sit lé,0,2059
hē thóng,0,4796
hēng,0,5224
hēng chhài,0,5214
hēng hok,0,5001
hēⁿ,0,1992
hī,0,673
hī kau,0,675
hī khang,0,672
hī á,0,674
hīⁿ,0,673
hīⁿ kau,0,675
hīⁿ khang,0,672
hīⁿ á,0,674
hńg,0,3592
hō,0,274
hō chò,0,4912
hō chòe,0,4912
hōaⁿ,0,1150
hōe,0,4453
hōe sit lé,0,2059
hōe kè,0,2055
hōe á,0,2046
hōng sū,0,4089
hō͘,0,48
hō͘ i,0,275
hō͘ ta,0,770
hō͘ moa,0,2032
hō͘ siang,0,4867
hō͘ siong,0,4867
hō͘ sòaⁿ,0,2866
hō͘ tēng,0,2039
hū jîn lâng,0,1305
hū kì,0,5309
hū kīn,0,4531
hū kūn,0,4531
hūi sòaⁿ,0,4398
hūi tō͘,0,4400
hūn,0,426
hūn chú,0,1592
hǹg,0,3592
i,12275,34
i seng,0,282
iah,0,598
iah kah,0,2073
iam,0,2080
iam ti,0,2079
iam ke,0,2078
iam koe,0,2078
ian,0,2087
ian chhiân,0,5289
ian chhiâng,0,5289
ian chi,0,2102
ian hoa,0,2086
ian tâng,0,3524
iang,0,2114
iang kah,10,2113
iang saⁿ thok sì,0,1597
iang thok,0,1596
iap,0,5307
iau,0,1064
iau ki,0,4035
ia̍h á,0,1614
ia̍h á chháu,0,1613
ia̍t,0,2105
iaⁿ hoe,0,3557
im poe,0,2093
in,3004,50
in hô,0,5249
in toan,0,3518
in toaⁿ,0,3518
in ūi,1409,72
io,0,1070
io chhī,0,2108
io chí,0,1814
ioh,0,1964
iong,0,2114
iong kah,10,2113
iong saⁿ thok sì,0,1597
iong thok,0,1596
io̍h che,0,3502
io̍h oân,0,2111
io̍h phò͘,0,3712
io̍h á,0,1965
io̍h îⁿ,0,2112
it,0,285
it tio̍h,0,3181
it chhè,0,1963
it poaⁿ,0,4717
it pái it pái,0,3134
it ti̍t,0,290
it tēng,0,289
iu chhiû,0,2118
iu goân,0,298
ià,0,2076
ià siān,0,2075
iàn khì,0,1966
iàn o,0,4283
iàu kín,0,2050
iá,0,286
iá bô,0,4164
iá bē,0,1065
iá bōe,0,1065
iá koh,0,1067
iá nā,0,1507
iá sī,0,287
iá bâ,0,1538
iá bân,0,2072
iá kah,0,2073
iá kú,0,1066
iá sim,0,4459
iám,0,3230
ián,0,2088
ián tó,0,2090
iáu,0,286
iáu bē,0,1065
iáu bōe,0,1065
iáu koh,0,1067
iáu sī,0,3166
iáu kú,0,1066
iáu siū,0,3090
iáⁿ,0,3590
iáⁿ chiah,0,2103
iâm,0,2084
iâm so͘ ke,0,2085
iâm so͘ koe,0,2085
iân,0,2091
iân chhiân,0,3523
iân hūn,0,2092
iân lō͘,0,2095
iân sui,0,2094
iân suiⁿ,0,2094
iân tâu,0,1354
iâⁿ,0,2100
ióng,0,4933
ióng kiāⁿ,0,2115
ióng kám,0,2048
iô,0,3112
iù,0,2116
iù mi mi,0,3563
iù mī mī,0,3563
iù siù,0,4492
iú chì,0,3258
iú hàu,0,2047
iû chāi,0,4460
iû goân,0,298
iû tâng,0,3748
iû tông,0,3748
iûⁿ káng,0,3278
iûⁿ thô,0,3439
iûⁿ tô,0,3439
iā,1562,65
iā sī,0,288
iāng,0,944
iāⁿ,0,1679
iăn jín,0,3603
iōng,1314,64
iū,0,291
iū koh,0,1962
iū á,0,4315
iūⁿ,0,4751
iⁿ á,0,3556
jek,0,1074
jia,0,2968
jiah,0,3471
jiok,0,1074
jip,0,1075
jiàu,0,1077
jiàu pê á,0,2119
jiáng,0,2126
jiáu,0,779
jiáu kéng,0,3412
jiâu,0,3619
jió toh,0,1904
jióng,0,2126
jiông hoe,0,3977
jiû hî,0,2127
jiû hî keⁿ,0,4922
jiō,0,3369
jiō ô͘,0,4415
ji̍h,0,925
ji̍p,0,310
ji̍p khì,0,3457
ji̍p lâi,0,3456
ji̍p sim,10,5321
ji̍t,1093,101
ji̍t chí,0,2123
ji̍t thâu,0,2120
ji̍t sî,0,1071
joa̍h,0,1076
joa̍h thiⁿ,0,3319
joa̍h lang,0,2129
joa̍h lâng,0,2129
jê,0,2130
jím nāi,0,5278
jî chhiáⁿ,0,4726
jî chháng chháng,0,2131
jîn bîn,0,4790
jîn sam,0,2125
jîn seng,0,4731
jîn sim,0,2125
jîn som,0,2125
jôe,0,2130
jú,0,295
jû chháng chháng,0,2131
jī,0,292
jīm ûi,0,3107
jīn,0,4760
jīn ûi,0,3107
jōa,0,575
jōa chē,0,2121
jōa chōe,0,2121
jōa ni̍h,0,2122
jōa nī,0,2122
jōa á,0,3587
jōa á nī,0,3586
jŏa,0,3587
jŏa nī,0,3586
jūn piáⁿ,0,2956
jūn piáⁿ kauh,0,2957
ka chiah,0,938
ka chiah phiaⁿ,0,936
ka chiah āu,0,937
ka choa̍h,0,1249
ka chài,0,1208
ka khū,0,2167
ka kī,0,103
ka kū,0,2167
ka la̍uh,0,1247
ka lâm,0,4919
ka pi,0,1805
ka po̍k mî,0,3914
ka pòa,0,3915
ka thiam,0,3708
ka tiaⁿ,0,791
ka to,0,2134
ka têng,0,4688
ka tī,0,103
kah,5894,43
kah ná,0,1155
kah nā,10,2175
kah chhia,0,2174
kah á,0,2170
kah ì,0,792
kai,0,299
kai chài,0,1208
kak,0,1393
kak gō͘,0,1443
kak ngō͘,0,1443
kam,175,5323
kam khai,10,5324
kam chià,0,4294
kam goān,0,1014
kam sim,10,5322
kam á,0,3861
kam á bi̍t,0,1804
kan chèng,0,3988
kan khó͘,0,305
kan na,730,306
kan ná,0,1154
kan ná sun,0,2177
kan ta,730,306
kan taⁿ,730,306
kan á,0,1154
kan á sun,0,2177
kang hu,0,1156
kang khū,0,4293
kang kū,0,4293
kang lâng,0,5038
kang siong,0,5085
kang tiûⁿ,0,1157
kap,4926,43
kap káng,0,2185
kau,0,1151
kau pôe,0,1298
kau tài,0,1294
kau tāi,0,1294
kau în,0,4101
kauh,0,1442
kaⁿ,0,4964
kaⁿ ná,0,2178
kaⁿ siû,0,4268
kaⁿ siûⁿ,0,4268
ke,0,312
ke hu̍t,0,4340
ke hu̍t á,0,4341
ke hé,0,1404
ke hóe,0,1404
ke khì,0,3055
ke kiān,0,2971
ke kui,0,1454
ke kńg,0,3490
ke lam,0,3356
ke lāi,0,5029
ke lō͘,0,4322
ke nn̄g ko,0,1585
ke nòa á,0,2506
ke nōa á,0,2506
ke pô,0,1371
ke si,0,2195
ke thiⁿ,0,3708
ke á,0,4321
ke á kiáⁿ,0,5208
ke āu,0,1400
keh piah,0,2207
keh tńg,0,2196
kek,0,2213
kek chiú,0,2212
kek khì,0,2209
kek kut,0,2210
kek sim,0,2208
kek sái,0,2211
keng,0,316
keng chio,0,2214
keng giām,0,4722
keng kah thâu,0,2216
keng kè,0,317
keng kòe,0,317
keng sòaⁿ,0,4399
keng tō͘,0,4403
ke̍h,0,3392
ke̍k,0,4738
ke̍k ke,0,2136
keⁿ,0,934
kha,0,11
kha báng,0,2223
kha chhiú,0,5071
kha chhng,0,935
kha chiah,0,938
kha chiah phiaⁿ,0,936
kha chiah āu,0,937
kha jiah,0,3465
kha pe̍h,0,4247
kha siàu,0,2224
kha ta̍h chhia,0,4033
kha thâu u,0,2225
kha tó͘,0,5300
kha āu teⁿ,0,2222
khah choa̍h,0,1250
khah chá,0,932
khah thêng,0,2227
khah chhia,0,2795
khah iâⁿ,0,2101
khah phìⁿ,0,2794
khah thêng á,0,2228
khai,0,2226
khai káng,0,785
khai sí,0,319
khai têng,0,4705
khan,0,2239
khan keⁿ,0,4921
khan chhiú,0,2240
khan sêng,0,2241
khan thoa,0,2242
khang,0,930
khang chhùi,0,1096
khang khè,0,320
khang khòe,0,320
khang phāng,0,1427
khap,0,3566
khap poe,0,3565
khat,0,1266
khau,0,1059
khau sé,0,1061
khau sóe,0,1061
kha̍p,0,3567
kha̍p bē tio̍h,0,3568
kha̍p bōe tio̍h,0,3568
kha̍p tio̍h,0,3569
kha̍p thâu,0,3564
khaⁿ,0,4940
khaⁿ á,0,4941
khe,0,111
khe hâi,0,2293
kheh á,0,4295
khek khui,0,3487
khek po̍k,0,3488
kheng,0,1130
khe̍h,0,2246
khi mo͘ chih,0,3698
khi mó͘ chih,0,3698
khia,0,939
khiah,0,3641
khian,0,2261
khian á,0,2265
khiap,0,4210
khiap sì,0,4208
khiau,0,1522
khiau kha,0,1521
khiau ku,0,1524
khih,0,3963
khih chhùi,0,3964
khin,0,1083
khin khó,0,2270
khin sang,0,1082
khioh,0,1261
khioh ka̍k,0,1293
khit chia̍h,0,2258
khit khì,0,3382
khit lì,0,3382
khiuⁿ,0,4158
khiuⁿ kháu,0,4159
khiàm,0,5006
khiàm iōng,0,2260
khiàm ēng,0,2260
khiàng,0,2266
khiàng kha,0,2268
khiàu,0,2269
khiàu ko͘ lián,0,4455
khiáu,0,780
khiâ,0,891
khióng pò͘,0,2271
khiú,0,1918
khiû,0,2276
khiû khiām,0,4102
khiā,0,323
khiā ke,0,2257
khiā khí,0,2256
khiām,0,3706
khiū,0,2277
khi̍t á,0,3419
kho,0,5218
khoah,0,892
khoah bóng bóng,0,3536
khoaⁿ khoaⁿ,0,2290
khoaⁿ khoaⁿ á,0,2291
khoe,0,111
khoe hâi,0,2293
khoeh,0,1128
khoeh á,0,4295
khok hêng,0,1478
khong,0,2295
khong khám,0,2237
khop,0,3566
khoài,0,3054
khoài lo̍k,0,4715
khoàiⁿ oa̍h,0,2272
khoán,879,106
khoán sek,0,2286
khoán sit,0,2286
khoán thāi,0,2287
kho̍k,0,3646
kho̍k hî,0,1933
kho͘,0,331
kho͘ gîn,0,4889
kho͘ gûn,0,4889
khu lo̍k pō͘,0,3221
khu pia̍t,0,5091
khuh khuh sàu,0,3222
khui,0,326
khui chho,0,4041
khui hoe,0,5277
khui têng,0,4705
khut,0,1726
khut sè,0,3270
khà,0,1058
khà tiān ōe,0,2946
khà chhia,0,2795
khà iû,0,2947
khà phìⁿ,0,2794
khàm,0,2232
khàng,0,4059
khàng tē,0,2243
khàng tōe,0,2243
khàu,0,321
khàu iau,0,1063
khàu pē,0,1062
khá sú,0,4645
khám,0,1662
khám chām,0,2234
khám khó,0,2236
kháu keng,0,3982
khâm khia̍t,0,2235
khè,0,3517
khè hiaⁿ,0,2244
khé sī,0,4944
khê,0,2245
khê chhiú,0,2288
khêng,0,2248
khêng chin,0,2247
khì,5653,4
khì chhia,0,2157
khì hiâm,0,890
khì hun,0,2250
khì iû,0,2158
khí,1057,5
khí kó͘,0,3113
khí lâi,0,3381
khí phùi bīn,0,2251
khí siáu,0,3400
khí bín,0,1606
khí bín á,0,1607
khí chō,0,3899
khí lih,0,3382
khí lì,0,3382
khí pōng,0,3434
khí tì,0,2255
khî pê,0,4516
khò,0,1729
khò sè,0,3844
khòa,0,3616
khòa gāi,0,3615
khòa liām,0,3614
khòa sim,0,3613
khòa ì,0,3612
khòaⁿ,4772,58
khòaⁿ bāi,0,1471
khòaⁿ hiān hiān,0,4768
khòaⁿ kìⁿ,570,147
khòaⁿ māi,0,1471
khòaⁿ tio̍h,0,4648
khòaⁿ kháu,0,4272
khòaⁿ māi á,0,2292
khòaⁿ oa̍h,0,2272
khòe,0,3517
khòe hiaⁿ,0,2244
khòng,0,141
khòng bah,0,2297
khòng chôaⁿ chúi,0,3068
khò͘,0,3169
khó,0,2280
khó liân,0,2283
khó liân tāi,0,2284
khó lêng,0,325
khó lîn,0,2283
khó lîn tāi,0,2284
khó sioh,0,4851
khó thâu bê,0,2281
khó thâu moâi,0,2281
khó thâu môe,0,2281
khó͘ chheh,0,4539
khó͘ chhoeh,0,4539
khó͘ chhut,0,4448
khó͘ khǹg,0,2279
khó͘ liân,0,2283
khó͘ liân tāi,0,2284
khôe,0,2289
khôe chhiú,0,2288
khùi,0,894
khùi la̍t,0,893
khùiⁿ oa̍h,0,2272
khùn,0,327
khùn tē á,0,4895
khún,0,4385
khún pa̍k,0,4384
khû,0,1728
khām sàu,0,940
khăm páng,0,2238
khăn páng,0,2238
khēng,0,2249
khī,0,3676
khī ké,0,3677
khī kóe,0,3677
khī tì,0,3673
khī á,0,4468
khōng,0,2299
khǹg,0,324
ki hng,0,4036
ki hōe,0,4685
ki khì,0,3055
ki tông,0,4923
ki á peng,0,5209
kian ta,0,306
kian tàng,0,2313
kiat,0,1474
kiat gī,0,5187
kiat hun,0,4860
kiat kio̍k,0,4720
kiat kó,0,4719
kiat sok,0,3279
kiau,0,2315
kia̍h,0,809
kiaⁿ,953,332
kiaⁿ chi̍t tiô,0,4899
kiaⁿ hiâⁿ,0,377
kiaⁿ ji̍t,0,338
kiaⁿ kìⁿ,0,2310
kiaⁿ liáu,0,334
kiaⁿ lâng,0,2311
kiaⁿ á,0,1010
kiaⁿ ìⁿ,0,2310
kiaⁿ íⁿ,0,2310
kim chio,0,2215
kim khòng,0,3067
kim kâm,0,3823
kin,0,1122
kin chio,0,2214
kin goân,0,4927
kin ná ji̍t,0,338
kin nî,0,4916
kin á ji̍t,0,338
kio thong,0,3141
kiong kip,0,3983
kiu,0,2326
kiuⁿ,0,2332
kiuⁿ bó,0,2331
kiuⁿ bú,0,2331
kià hù,0,1030
kiàm,0,4974
kiàn,0,2312
kiàn siàu,0,1031
kiàn siàu chháu,0,1032
kiám,0,303
kiám chhái,0,330
kiáu,0,2316
kiáu jiáu,0,3960
kiáⁿ,0,107
kiáⁿ jî,0,2969
kiáⁿ sài,0,2309
kiâm,0,1027
kiâm chhài,0,2081
kiâm chháu,0,1029
kiâm hî,0,2083
kiâm lâ á,0,3152
kiâm sng tiⁿ,0,2082
kiâm so͘ ke,0,2085
kiâm so͘ koe,0,2085
kiâng,0,2325
kiâⁿ,1833,108
kiâⁿ kî,0,2308
kiâⁿ sam,0,3339
kiâⁿ som,0,3339
kiò,1732,109
kiò chò,0,4674
kiò chòe,0,4674
kiò sī,0,1387
kióng kip,0,3983
kióng èng,0,3984
kiô,0,2323
kiô kha,0,5229
kiô á,0,2324
kiông,0,2325
kiông beh,0,2274
kiông boeh,0,2274
kiù,0,4043
kiù chhat,0,4081
kiù chèng,0,4080
kiù hun,0,4082
kiû,0,2330
kiû chhê,0,1779
kiû chhôe,0,1779
kiā,0,2304
kiāu,0,2321
kiāu tiong iâⁿ,0,2319
kiōng beh,0,2274
kiōng boeh,0,2274
kng,0,339
ko ko tîⁿ,0,2337
ko lê chhài,0,1797
ko sióng,0,3577
koa iâu,0,2856
koa si,0,4263
koa thiaⁿ,0,4977
koah,0,834
koah kè,0,835
koah pau,0,836
koah ín,0,2273
koai,0,1723
koai khá,0,1724
koaiⁿ,0,4740
koaiⁿ kaⁿ,0,4965
koan hē,0,350
koan sim,0,4872
koat sim,0,4858
koat tēng,0,4857
koaⁿ bang,0,4429
koaⁿ bâng,0,4429
koaⁿ chhâ,0,1376
koaⁿ chhâ pang,0,4530
koaⁿ chin,0,4430
koaⁿ á,0,3930
koe,0,315
koe hu̍t,0,4340
koe hu̍t á,0,4341
koe kiān,0,2971
koe kui,0,1454
koe kńg,0,3490
koe lam,0,3356
koe lōa á,0,2506
koe lō͘,0,4322
koe nn̄g ko,0,1585
koe nòa á,0,2506
koe nōa á,0,2506
koe á,0,4321
koe á kiáⁿ,0,5208
koeh lang kha,0,3690
koeh ē khang,0,2349
koe̍h,0,1380
koh,4342,46
koh khah,0,347
koh chài,0,1381
koh iūⁿ,0,1383
koh ē khang,0,2349
koh ē lang,0,2350
kok,0,348
kok ka,0,352
kok tō͘,0,1752
kong,0,4590
kong chhe phó͘,0,4599
kong khò,0,4832
kong kài,0,3421
kong má,10,5319
kong pêⁿ,0,2541
kong si,0,2346
koàiⁿ sì,0,1134
koàn,0,1131
koàn chhiâng,0,5291
koàn sì,0,1134
koái á,0,2838
koáiⁿ á,0,2838
koán,0,4435
koán thāi,0,4454
koán thāi i,0,4457
koâiⁿ,0,346
koâiⁿ kē,0,1590
koân,0,346
koân kia̍h á,0,2345
koân kē,0,1590
koân téng,0,4066
koāiⁿ,0,3123
koān,0,3123
ko̍h,0,1463
ko͘ chiâⁿ,0,2339
ko͘ ki,0,4406
ko͘ niû,0,4171
ko͘ put chiang,0,1948
ko͘ put chiong,0,1948
ko͘ put jî chiang,0,1949
ko͘ put jî chiong,0,1949
ko͘ put jī chiang,0,1949
ko͘ put jī chiong,0,1949
ko͘ put lī chiong,0,1949
ko͘ ta̍k,0,3192
ko͘ thong,0,3141
ko͘ tiūⁿ,0,4170
ku lí,0,4393
ku mo͘,0,2318
kui,0,355
kui nî thàng thiⁿ,0,2358
kui thoa,0,4587
kui khì,0,3195
kui ê,0,3114
kuiⁿ,0,4740
kuiⁿ kaⁿ,0,4965
kun,0,1122
kun goân,0,4927
kut,0,1314
kut chhé,0,3901
kut chhóe,0,3901
kut la̍t,0,1223
ku̍t,0,1315
kà,0,102
kà nā,0,2175
kà chhia,0,2174
kà sī,0,4237
kài,0,300
kài sêng,0,1430
kàn,0,787
kàn lín niâ,0,1396
kàn kiāu,0,1313
kàn ná,0,1155
kàu,3730,60
kàu kah,0,5318
kàu taⁿ,0,1357
kàu tè,0,1358
kàu té,0,3453
kàu tóe,0,3453
kàu gia̍h,0,2190
kàu ha̍k,0,4862
kàu hun,0,2191
kàu hōe,0,4647
kàu io̍k,0,311
kàu siū,0,4807
kàu ūi,0,1355
ká ná,0,1155
ká sú,0,4645
kái,0,1392
kái piⁿ,0,4377
kái ōaⁿ,0,4997
kám,1499,303
kám kóng,0,1153
kám sī,0,4458
kám kak,0,301
kám khài,0,4062
kám siā,0,302
kám á tiàm,0,1395
kám ô͘,0,4416
kán ná,0,1155
kán tan,0,3078
káng,0,941
káu,0,140
káu hiā,0,1397
káu koài,0,2192
káu soa,0,3925
káu á kiáⁿ,0,4560
káⁿ,910,304
káⁿ ná,0,1155
kâi,0,4304
kâiⁿ,0,4304
kâm,0,2172
kâm hoeh phùn thiⁿ,0,4975
kâm huih phùn thiⁿ,0,4975
kâng,0,2181
kâu,0,1440
kâu san á,0,2193
kè,344,110
kè lâi,0,4839
kè chhōa,0,1402
kè chng,0,1388
kè e̍k,0,2526
kè khì,0,351
kè sio̍k,0,314
kè siàu,0,2204
kè ta̍t,0,1235
kè tì,0,2205
kè ōe,0,2527
kèng chhat,0,4908
kèng jiân,0,3464
ké,0,2194
ké siáu,0,4535
ké chí,0,1378
ké sian,0,2197
kéng chhat,0,4908
kéng jiân,0,3464
kéng tì,0,2217
kéⁿ,0,4163
kì,0,329
kì chāi,0,2348
kì jiân,0,4060
kì lio̍k,0,1725
kì liām,0,861
kì lo̍k,0,1725
kì tì,0,1269
kì tî,0,1268
kìm,0,2317
kìⁿ,0,337
kí toh,0,4151
kín,958,336
kî,0,2302
kî chek,0,3472
kî khá,0,860
kî koài,0,4724
kî si̍t,0,4716
kî tha,0,3343
kî thaⁿ,0,3343
kî thāi,0,5279
kî tó,0,4678
kî á,0,4469
kò,0,2333
kò ge̍h,0,1736
kò goe̍h,0,1736
kò jîn,0,4655
kòa,0,2342
kòa chhài,0,2341
kòa gāi,0,3615
kòa liām,0,3614
kòa sim,0,3613
kòa ì,0,3612
kòe,1114,110
kòe lâi,0,4839
kòe khì,0,351
kòe kè,0,2055
kòng,0,1385
kòng ku,0,3427
kòng oân,0,1384
kò͘ ge̍h,0,1736
kò͘ goe̍h,0,1736
kò͘ lâng oàn,0,2328
kò͘ hiang,0,3476
kò͘ hiong,0,3476
kò͘ khiam,0,2948
kò͘ sū,0,340
kóa,0,341
kóaⁿ,0,1132
kóaⁿ hū,0,4065
kóaⁿ kín,0,1377
kóe,0,3695
kóe chí,0,1378
kóng,8239,38
kóng khí,0,4732
kóng sńg chhiò,0,2347
kóng ōe,0,4667
kóng kó͘,0,1975
kó͘,0,3176
kó͘ ge̍h,0,1736
kó͘ goe̍h,0,1736
kó͘ chek,0,3473
kó͘ chhui,0,1222
kó͘ chui,0,2340
kó͘ chá,0,4798
kó͘ chéⁿ,0,1961
kó͘ koài,0,4514
kó͘ kí,0,4152
kó͘ tu,0,2914
kôaⁿ,0,1133
kôaⁿ lang,0,2128
kôaⁿ lâng,0,2128
kù,0,354
kù chāi,0,2348
kùiⁿ sì,0,1134
kùn á,0,4221
kú,0,353
kú chhài,0,2354
kú nî,0,4972
kúi,0,322
kúi lo̍h,0,976
kúi lō,0,976
kúi lōa,0,976
kúi nā,0,975
kúi ā,0,977
kún sńg chhiò,0,2361
kún chhiò,0,2360
kûiⁿ,0,346
kûn,0,2362
kûn thâu,0,5087
kûn thâu bó,0,5086
kûn thâu bú,0,5086
kā,4010,57
kā i,0,4651
kā lâng káu,0,1073
kāng,0,309
kāng khoán,0,2674
kāu,0,1441
kāu kang,0,1158
kē,0,1401
kē chhù á,0,5265
kē lō͘,0,1403
kēng,0,3375
kīm pô,0,4100
kīm á,0,4181
kīn,0,1124
kńg,0,3492
kō,0,2336
kōaⁿ,0,2344
kōe,0,2206
kō͘,0,1229
kū chûn nî,0,4946
kū chū nî,0,4946
kū lo̍k pō͘,0,3221
kū á,0,4175
kūi,0,2357
kūi tâi,0,3986
kūiⁿ,0,3123
kūn,0,1124
lah,0,84
lah sap,0,1556
lak,0,2368
lak soe,0,2371
lak sui,0,2374
lak tē á,0,2376
lang,0,1263
lap,0,2385
lau,0,2388
la̍h chek,0,3385
la̍h ji̍t,0,3370
la̍k,0,142
la̍t,0,4500
la̍t thâu,0,4511
le bóng,0,3401
leh,0,188
leng,0,2414
le̍k sú,0,366
lian,0,2426
liang,0,3630
liang á,0,3633
liauh,0,3170
lia̍h,0,370
lia̍h lêng,0,1756
lia̍h pau,0,4499
lia̍p,0,372
lia̍p chek,0,2384
lia̍t ūi,0,1026
lim,0,374
lin,0,149
lio̍h lio̍h á,0,3045
lio̍h á,0,3044
lip,0,1075
liu,0,3418
liàn,0,2430
liàn tńg,0,2429
lián,0,1409
lián bū,0,1882
liáu,1048,112
liáu kái,0,1025
liáu āu,584,373
liâm mi,0,703
liâm piⁿ,0,703
liâm thi,0,4223
liân bêng,0,3661
liân ha̍p,0,3656
liân lo̍k,0,3655
liân oe̍h,0,3658
liân u̍ih,0,3658
liâng,0,2432
liâng ê,0,4512
liâng sè,0,4311
liòng,0,3625
lióng,0,2126
lióng kong,0,4083
liô,0,2435
liông,0,3326
liú,0,2436
liú lia̍h,0,4253
liú á,0,1827
liû liân,0,4115
liām,0,1411
liān,0,2428
liān á,0,2427
liōng,0,2419
liōng chá,0,2420
liōng siōng,0,2421
liōng sēng,0,2421
liū,0,2437
lo so,0,2449
loaih,0,3357
loa̍h,0,2451
loa̍h á,0,2456
loeh,0,3358
lok á,0,2459
loān,0,2457
loān chhau chhau,0,2458
loăi,0,3357
lo̍h hō͘,0,5275
lo̍h khì,0,3358
lo̍h lâi,0,3357
lo̍h bé,0,2446
lo̍h bóe,0,2446
lo̍h lâm,0,3372
lo̍h soe,0,2372
lo̍k phek,0,2410
lo̍k pó͘,0,1549
lo̍k tô,0,3478
lo̍k á,0,4053
lu,0,2462
lui,0,2991
lut,0,2467
làm chhân,0,2380
làng,0,1040
làu,0,1461
làu hong,0,1459
làu kau,0,1460
làu khùi,0,1159
làu sái,0,1160
lám,0,2381
lám nōa,0,2379
lán,2681,59
lán lâng,0,4907
láng,0,1041
láng siuⁿ,0,3346
láng á,0,3354
láu á,0,2389
lâ lí,0,3895
lâ á,0,2363
lâi,9429,3
lâi khì,0,4727
lâi kàu,0,4698
lâi á,0,2365
lâm,0,3297
lâm sek,0,4638
lân san,0,1262
lâng,9492,7
lâng châi,0,1043
lâng kheh,0,1042
lâng sn̂g,0,3756
lèng,0,3625
lé,0,2391
lé pài,0,365
lé sò͘,0,2373
léng,0,1462
léng lī,0,3365
lê chhân,0,2393
lê á,0,5226
lêng,0,3326
lêng géng,0,2395
lêng hûn,0,5283
lêng khó,0,3753
lêng khó͘,0,3753
lêng kéng,0,2395
lêng lāi,0,3364
lêng siàⁿ,0,5282
lêng á,0,3216
lìn,0,2430
lìn lòng,0,3627
lìn tńg,0,2429
lí hî,0,3894
lí koán,0,3489
lín,1572,113
lín pē,0,1588
lî,0,4123
lî iân,0,1412
lî á,0,4122
lò,0,2416
lò cho̍h ji̍t,0,2447
lò kha,0,2418
lò lò tn̂g,0,2417
lò āu ji̍t,0,2440
lòe,0,3358
lòm chhân,0,2380
lòng,0,2408
ló chhó,0,4308
lóe,0,2394
lóe chì,0,2411
lóng,3456,51
lóng bô,0,4786
lóng sī,0,4672
lóng chóng,0,2403
ló͘,0,2445
ló͘ bah,0,2443
ló͘ bah pn̄g,0,2444
ló͘ bī,0,2442
ló͘ la̍t,0,1037
ló͘ le̍k,0,3092
lô si,0,3584
lôe chhân,0,2393
lô͘ châi,0,2412
lô͘ hî,0,3383
lô͘ hē,0,3996
lô͘ hōe,0,3996
lô͘ môa,0,2448
lô͘ si,0,3584
lù,0,2463
lú,0,295
lú koán,0,3489
lúi,0,2401
lún,0,2397
lún kôaⁿ,0,2398
lû,0,4123
lû á,0,4122
lā,0,2364
lā chi̍h,0,3700
lā hio̍h,0,2367
lāi,0,15
lāi bīn,0,359
lāi hio̍h,0,2367
lāi hâng,0,2809
lāi soaⁿ,0,5251
lāi té,0,360
lāi tóe,0,360
lām,0,1039
lām sám,0,1038
lān,0,1264
lān chiáu,0,1044
lān hu̍t,0,2383
lān pha,0,1045
lāu,0,361
lāu lâng,0,4883
lāu tōa lâng,0,5274
lāu bó,0,362
lāu bú,0,362
lāu chhang,0,3575
lāu chhang thâu,0,3576
lāu hoan tian,0,2390
lāu jia̍t,0,2377
lāu pē,0,363
lāu su,0,364
lăi,0,4727
lē,0,4859
lēng,0,2419
lēng gōa,0,367
lēng ji̍t,0,2423
lēng kang,0,2424
lēng khó͘,0,3753
lī ek,0,4801
lī hāi,0,1161
lī iân,0,1412
lī khui,0,369
līn lōng,0,3627
lōa chē,0,2121
lōa chōe,0,2121
lōa lōa sô,0,2450
lōa ni̍h,0,2122
lōa nī,0,2122
lōa á,0,3587
lōa á nī,0,3586
lōng liú lian,0,2425
lō͘,0,376
lō͘ bé,0,2446
lō͘ bóe,0,2446
lō͘ chháu,0,4488
lō͘ iōng,0,2200
lō͘ lê,0,4409
lō͘ ēng,0,2200
lŏa,0,3587
lŏa nī,0,3586
lŏe,0,3358
lūi,0,2464
lūi hêng,0,5199
lūn,0,378
lūn ge̍h,0,5305
lūn goe̍h,0,5305
lūn piáⁿ,0,2956
lūn piáⁿ kauh,0,2957
ma ma,0,2477
mah,0,148
me,0,2479
me̍h,0,4127
mih,0,391
mih á,0,3402
miâ,0,389
miā,0,390
miă chài,0,1009
mi̍h,0,392
mi̍h kiāⁿ,0,1587
mi̍h á,0,3402
mn̂g,0,394
mn̂g chhn̂g,0,1586
mn̂g chhòaⁿ,0,3659
mn̂g kheng,0,4513
mn̂g kháu tiâⁿ,0,4699
mn̂g kńg,0,2481
mn̂g liân,0,3662
mn̄g,1111,115
mn̍gh,0,392
mn̍gh kiāⁿ,0,1587
moa,0,2033
moâi,100,1952
moâi lâng,0,2025
moâi thé,0,4318
moâi á,0,3740
moāi sài,0,4245
mo͘,0,1954
mo͘ hui,0,4154
mo͘h,0,2486
mà,0,3248
mài,0,387
má mah,0,2477
má má hu hu,0,4278
má se,0,4275
má se má se,0,4274
mâ hoân,0,4422
mé,0,4249
mé chhéⁿ,0,4250
mé lia̍h,0,4251
mê,0,388
mê hng,0,1375
mê ji̍t,0,1137
mê kak,0,2483
mê nî,0,2480
mê sî,0,1034
mî,0,3314
mî hoe,0,3315
mî nōa,0,3605
mî phē,0,2482
mî phōe,0,2482
móa,0,2484
móa móa sī,0,4226
móa ì,0,3229
móe,0,5266
móe ji̍t,0,5267
mó͘,0,3276
môa,0,2485
môa chî,0,1953
môa phiàn,0,4313
môa sat ba̍k,0,2630
môa á,0,3131
môa íⁿ,0,4363
môe,100,1952
môe kùi,0,3533
môe lâng,0,2025
môe thé,0,4318
môe á,0,3740
mô͘ hui,0,4153
mô͘ tn̂g,0,4305
múi,0,5266
múi ji̍t,0,5267
mûi kùi,0,3533
mûi lâng,0,2025
mûi thé,0,4318
mûi á,0,3740
mā,3719,68
mā sī,0,4449
māi,0,1472
mă chài,0,1009
mē,0,1955
mī,0,3273
mī sòaⁿ,0,3272
mī thi,0,4224
mōe sài,0,4245
m̂ á,0,3740
m̄,2579,13
m̄ bián,0,1960
m̄ chiah,500,1959
m̄ kam,100,2473
m̄ kam goān,0,2472
m̄ kiaⁿ,0,4004
m̄ káⁿ,0,3442
m̄ nā,0,700
m̄ sī,0,143
m̄ ta̍t,0,1232
m̄ thang,0,114
m̄ tio̍h,0,2034
m̄ ti̍h,0,2865
m̄ ti̍hⁿ,0,2865
m̄ ài,0,4628
m̄ bat,0,873
m̄ chai,0,3414
m̄ chiâⁿ,0,2470
m̄ chún,0,1276
m̄ goān,0,1015
m̄ hó,0,2471
m̄ koh,0,186
m̄ koán,0,2474
m̄ kò,0,186
m̄ kú,0,184
m̄ mó͘,0,2471
m̄ niā,0,701
m̄ pat,0,873
m̄ tiāⁿ,0,701
m̄ tāⁿ,0,701
nah,627,396
nah ē,0,4627
nah ū,0,4677
neh,0,189
ng,0,3531
ngeh,0,1910
nge̍h,0,1911
ngoeh,0,1910
ngoe̍h,0,1911
ngô͘ khî,0,1859
ngāi gio̍h,0,1903
ngē táu,0,2491
ngō͘ lo̍k,0,1924
ni,0,149
niau,0,1540
nih,0,149
niá,0,3361
niáu chhí,0,1541
niáu chhú,0,1541
niâ,0,399
niú,0,3291
niû lé,0,2415
niû lóe,0,2415
niû né,0,2415
niû á,0,3608
niā,0,399
niā niā,0,399
niā tiāⁿ,0,399
niū,0,3300
nn̄g,1508,119
no͘h,0,1466
ná,1968,116
ná chhiūⁿ,0,1446
ná ē,0,4627
ná ū,0,4677
nâ sek,0,4639
nâ âu,0,2488
nè,0,3059
ní,0,2493
nî,1346,69
nî hè,0,4298
nî hòe,0,4298
nî kí,0,2492
nòa,0,2507
nó͘ le̍k,0,3092
nā,3581,66
nā bô,0,4664
nā kah,10,2489
nā kà,0,2489
nā sī,0,395
nā ū,0,4676
nā chún,0,1885
nā niā,0,399
nā tiāⁿ,0,399
nāi chi,0,2490
nāu jia̍t,0,2377
nńg,0,3345
nńg kha,0,4523
nńg chiáⁿ,0,2497
nōa,0,904
nō͘,0,119
nūi,0,1327
nǹg,0,2498
nǹg chǹg,0,2500
n̄g,0,3531
n̆g,0,3531
o ló,0,400
o tó bái,0,1492
oa sá bih,0,4636
oai,0,3095
oai chhoa̍h,0,1775
oai ko,0,1767
oan,0,1768
oan iuⁿ,0,4347
oan ke,0,1769
oan siû,0,1312
oan óng,0,4029
oat,0,1225
oa̍h,0,402
oa̍h tāng,0,4728
oa̍h tōng,0,4729
oa̍t,0,1226
oa̍t thâu,0,1120
oe oe tīn tīn,0,1892
oeh,0,2518
oe̍h,0,867
oh,0,405
oh tit,0,3105
ok chit,0,1458
om,0,3231
oàn chheh,0,2519
oàn chhoeh,0,2519
oàn thàn,0,3980
oàn tò͘,0,1119
oán jiân,0,4109
oân boán,0,4303
oân choân,0,4710
oân móa,0,4303
oân ná,0,2522
oân nā,0,2522
o̍h,0,403
o͘,0,397
o͘ mà mà,10,2511
o͘ chheⁿ,0,3158
o͘ chhiuⁿ,0,4339
o͘ chiam,0,4783
o͘ hî,0,4931
o͘ hî chí,0,4932
o͘ ián,0,2800
o͘ iú,0,2513
o͘ lián,0,1648
o͘ niau,0,1537
o͘ pang,0,4616
o͘ pe̍h,0,2510
o͘ tó bái,0,1492
o͘ tó͘ bái,0,1492
o͘ àm,0,2505
o͘h,0,571
pa kiat,0,4022
pa lé,0,4611
pa pa,0,2528
pa á,0,1598
pah,0,121
pah pah,0,5219
pah pah khoán,0,5220
pak,0,2530
pak lāi,0,5031
pak lāi á,0,5032
pak siah,0,3903
pak siap,0,3903
pak tó͘,0,1236
pan,0,4787
pan gî,0,4090
pang,0,2533
pang bâng,0,428
pang chān,0,427
pang á,0,2537
pat,0,87
pau,0,4776
pa̍k,0,1594
pa̍t,0,408
pa̍t jiah,0,3470
pa̍t lâng,0,4669
pa̍t á,0,1602
pe,0,2608
peh sèⁿ,0,4723
peh ḿ,0,688
pek,0,956
pek hāi,0,3121
peng siuⁿ,0,4390
peng thn̂g,0,852
peng tû,0,4389
pe̍h phau phau,0,2538
pe̍h ba̍k,0,3260
pe̍h chhang chhang,0,3578
pe̍h chha̍t,0,3701
pe̍h chhi,0,2663
pe̍h lān,0,2664
pe̍h lēng si,0,3620
pe̍h pak á,0,5238
pe̍h ōe,0,4264
pha,0,2544
pha hng,0,2545
pha pha cháu,0,3495
phah,0,415
phah ka la̍uh,0,1248
phah phok á,0,3599
phah pho̍k á,0,3599
phah kat,0,2188
phah la̍h,0,3384
phah m̄ kiàn,0,3077
phah m̄ kìⁿ,0,3077
phah phú kng,0,3893
phah piàⁿ,0,961
phah sńg,0,963
phah sǹg,0,962
phak,0,850
phak tiáⁿ,0,848
phang,0,845
phang sap bûn,0,4540
phang sat bûn,0,4540
phang soat bûn,0,4540
phang phài,0,2567
pha̍k,0,844
pha̍k koaⁿ,0,4471
phe,0,416
phe lông,0,2565
phi,0,2551
phiah,0,2555
phian chhip,0,3125
phian chip,0,3125
phian chi̍p,0,3125
phian phiah,0,2554
phiat,0,965
phiat pō͘,0,2557
phiat sàng,0,1299
phiat sè,0,4103
phiat á,0,968
phiau chún,0,2543
phiau liû,0,3864
phiau phiat,0,2559
phit,0,4626
phit hu,0,4624
phit phòe,0,4623
phiàn,0,966
phián si̍t,0,2592
phiò,0,3426
phi̍h phi̍h chhoah,0,2553
phiⁿ,0,2561
pho,0,4987
pho té,0,4994
pho tóe,0,4994
phoah,0,2563
phoa̍h liān,0,2564
phoe,193,416
phoe lông,0,2565
phoh á,0,3122
phok sū,0,4910
phok á,0,3596
phong phài,0,2567
pho̍k,0,3597
pho̍k pho̍k,0,3594
pho̍k pò͘,0,2566
pho̍k á,0,3596
pho͘,0,3714
pho͘ kài,0,3716
pho͘ pâi,0,3717
phun,0,2038
phut,0,2253
phut phut thiàu,0,2252
phu̍t phu̍t thiàu,0,2252
phàn á,0,2995
phàng,0,3173
phàng kiàn,0,3077
phàng kìⁿ,0,3077
phàu,0,1699
phàu tê,0,4519
phàu tâi,0,1700
phàⁿ,0,847
phàⁿ chhiú,0,846
phái,0,166
phái miā,0,851
phái sè,0,843
pháiⁿ,0,166
pháiⁿ mih á,0,4450
pháiⁿ miā,0,851
pháiⁿ sè,0,843
pháng,0,1785
pháng chit,0,3494
pháng se,0,2549
pháng si,0,2550
phâng,0,1429
phâng tiûⁿ,0,4328
phê,0,4156
phê ôe,10,5326
phêng,0,854
phì jū,0,2552
phì lūn,0,1451
phì lūn kóng,0,1452
phì siùⁿ,0,1453
phí jū,0,2583
phí lūn,0,2585
phí siùⁿ,0,1453
phín,0,2560
phín ná,0,3058
phín á,0,3058
phî tàn,0,3579
phîn phông,0,2568
phò tāu,0,3601
phòa,0,970
phòa pēⁿ,0,971
phòaⁿ toàn,0,4323
phòng,0,2573
phòng chhí,0,2584
phòng chhú,0,2584
phòng hong,0,2574
phòng kam,0,2572
phòng phê,0,2578
phòng phôe,0,2578
phòng phā,0,2579
phòng piáⁿ,0,2576
phòng se,0,2577
phòng se saⁿ,0,2575
phòng í,0,1093
phò͘,0,3713
phóng,0,2570
phó͘ phiàn,0,4474
phó͘ thong sî,0,3048
phó͘ tō͘,0,4299
phô tô,0,1940
phôe,0,4156
phôe ê,10,5326
phô͘,0,3395
phùi,0,964
phùn,0,1455
phú,0,959
phú sek,0,960
phû,0,4397
phû tô,0,1940
phāiⁿ,0,943
phāng,0,1428
phēng,0,697
phī phī chhoah,0,2553
phīⁿ,0,969
phīⁿ phang,0,5232
phīⁿ phēⁿ chhoán,0,5213
phō,0,2562
phōaⁿ,0,5100
phōng,0,4271
phōng kó,0,3534
phō͘ á,0,3428
phū,0,1621
pi,0,2581
piah,0,3080
piak,0,2587
piak khang,0,2588
pian chhip,0,3125
pih,0,2594
pin nn̂g,0,1883
pin pin piang piang,0,4897
pin pin piàng piàng,0,4897
pin pin piāng piāng,0,4897
pin pín piang piang,0,4897
pin pín piàng piàng,0,4897
pin pín piāng piāng,0,4897
pit chek,0,3466
pit gia̍p,0,3179
pit jiah,0,3466
piàn,0,419
piàn hêng,0,5196
piàn kòa,0,2589
piàn thài,0,5195
piàn thāi,0,5195
piàⁿ,0,418
piàⁿ sàu,0,2590
piàⁿ sè,0,2591
pián,0,2199
pián sian,0,2202
pián si̍t,0,2592
piáu sī,0,4802
pió á,0,1761
piān,0,1803
piān hō͘,0,1802
piān khòaⁿ,0,4039
piān lūn,0,3733
piān só͘,0,4917
piān tong,0,2593
pi̍t gia̍p,0,3179
piⁿ,0,420
piⁿ a,0,1017
piⁿ thâu,0,1018
piⁿ á,0,1017
piⁿ â,0,1017
placeholder,0,5000
pn̄g,0,2558
pn̄g khaⁿ,0,4943
pn̄g lē,0,1790
pn̄g lōe,0,1790
pn̄g oân,0,896
pn̄g phí,0,1916
po,0,3497
po chiáng,0,4142
po chióng,0,4142
po lê,0,1791
po lê chhài,0,1797
poah kang,0,2604
poa̍h,0,898
poa̍h kám chêng,0,2603
poa̍h poe,0,973
poa̍h tó,0,897
poa̍h kiáu,0,972
poa̍t,0,3909
poa̍t á,0,1602
poaⁿ hì,0,2580
poe,0,974
poeh,0,122
poe̍h,0,3910
poh tiāⁿ,0,3071
poàn sūi,0,4220
po̍h,0,1601
po̍k chà,0,4124
po̍k hoat,0,4126
po̍k le̍k,0,3056
po̍k tōng,0,4125
po͘ chiam,0,4784
puh,0,2611
pun,0,424
pun khui,0,1352
pun nn̂g,0,1883
put chí,0,449
put chí á,0,3076
put eng kai,0,2612
put jî kò,0,3075
put jī kò,0,3075
put koán,0,2475
put koán sî,0,2613
put kò,0,3073
put kò͘,0,3073
put lí,0,449
put lí á,0,3076
put sî,0,2614
put tap put chhit,0,4079
put tek í,0,1489
put tàn,0,702
put tóng,0,1780
put tān,0,702
pu̍ih,0,3910
pài,0,4775
pài thok,0,1595
pàng,856,407
pàng sim,0,4160
pàng phùi,0,3085
pàng sak,0,1020
pàng sat,0,1020
pàng tiau,0,1704
pá,0,1311
pá pah,0,2528
pái,0,406
pái kha,0,2529
páiⁿ,0,949
páiⁿ kha,0,2529
pâ a,0,1598
pâ á,0,1598
pâi kut,0,5217
pâi pián,0,3757
pân tōaⁿ,0,958
pé,0,955
péng,0,949
péng pìⁿ,0,948
pê liông chûn,0,953
pê lêng chûn,0,953
pê sióng,0,4395
pêng,0,429
pêng an,0,4691
pêng iú,0,414
pêng siông sî,0,3047
pêⁿ,0,854
pêⁿ chiàⁿ,0,2542
pêⁿ iûⁿ,0,856
pêⁿ pêⁿ,0,855
pì,0,4329
pì bi̍t,0,957
pì iū,0,4284
pì sù,0,2586
pìn piàng,0,2569
pìn piⁿ,0,3621
pìⁿ,0,419
pí,0,417
pí jû kóng,0,2582
pí jū,0,2583
pí lūn,0,2585
pí phēng,0,696
píⁿ,0,2595
pî pê,0,4516
pîn tōaⁿ,0,958
pò,0,421
pò bé á,0,2599
pò chóa,0,2709
pòa ki,0,3913
pòaⁿ,0,422
pòe kéng,0,3051
pò͘ chhân,0,2601
pò͘ phit,0,4625
pò͘ si,0,3519
pó hō͘,0,1536
pó iū,0,4286
pó pì,0,2602
pó sioh,0,3995
pó͘ sīn,0,5075
pôaⁿ,0,2605
pôaⁿ chhùi gím,0,3450
pôaⁿ chhùi kím,0,3450
pôe sióng,0,4395
pùn ki,0,2610
pùn sò,0,1490
pùn táu,0,3228
pún,0,423
pún chiâⁿ,0,2609
pún sin,0,4711
pûn,0,1456
pāi chhī,0,4534
pān,0,1809
pān lí,0,1808
pān sè,0,2531
pān tōaⁿ,0,958
pē,0,409
pē bó,0,410
pē bú,0,410
pē á kiáⁿ,0,1703
pēng,0,697
pēng bô,0,2843
pēⁿ,0,4777
pī pān,0,1807
pīn piāng,0,2569
pīn tōaⁿ,0,958
pō le̍k,0,3056
pō tōng,0,4125
pōaⁿ,0,2607
pōe,0,3705
pōe kéng,0,3051
pōng,0,3431
pōng bí phang,0,3433
pōng khang,0,1600
pō͘,0,2598
pō͘ hūn,0,2600
pū,0,3197
pūiⁿ,0,2558
pūn tōaⁿ,0,958
sa,0,1599
sa bô cháng,0,4144
sa bûn chú gī,0,2698
sa te,0,3640
sahⁿ,0,2621
sai hū,0,1485
sai khia,0,1488
sai kong,0,1486
sai kong giang,0,3631
sai nai,0,2229
sai á,0,1487
saiⁿ nai,0,2229
sam,0,3819
sam bûn hî,0,4010
sam pat,0,3766
sam pán,0,5073
sam pán á,0,5074
sam tiau,0,4024
sang,0,472
sap bûn,0,1815
sat ba̍k hî,0,2628
sat ba̍k á,0,2629
sat bó,0,2638
sat bú,0,2638
sat bûn,0,1815
sau kong,0,2641
sau siaⁿ,0,2642
sa̍h,0,1267
saⁿ,964,2
saⁿ chioh mn̄g,0,4262
saⁿ cheⁿ,0,2636
saⁿ kap,0,2187
saⁿ keng á,0,2637
saⁿ khò͘,0,3168
saⁿ kāng,0,2669
saⁿ kēng,0,3374
saⁿ sâng,0,2670
saⁿ sî,0,2647
se,0,450
se bí loh,0,1647
se bí lo͘h,0,1647
se chng,0,1861
se chong,0,4778
se io̍h,0,4779
seh,0,1360
seh to siā,0,1784
sek,0,3182
sek khia,0,1884
sek kia,0,1884
sek tì,0,3672
sek tī,0,3672
seng,0,458
seng khu,0,461
seng lí,0,1689
seng oa̍h,0,462
se̍h,0,456
se̍h se̍h liām,0,1696
se̍k,0,3294
se̍k sāi,0,1309
se̍k sū,0,4981
seⁿ,0,457
seⁿ ko͘,0,1013
seⁿ san,0,3571
seⁿ sian,0,3571
seⁿ hūn,0,832
seⁿ sêng,0,1722
seⁿ thòaⁿ,0,1362
seⁿ tiuⁿ,0,4822
si koe,0,2650
sia,0,3174
siah,0,2652
siak,0,3441
sian ang á,0,1398
sian chháu,0,2655
sian seⁿ,0,470
sian siⁿ,0,470
siang,0,472
siang sìn,0,822
siap,0,2675
siat sú,0,4725
siau iā,0,2921
siau sit,0,4865
sia̍h chio̍h,0,4980
sia̍h liû,0,4750
sia̍p,0,3972
siaⁿ,0,466
sih nah,0,2677
sih nà,0,2677
sim chiâⁿ,0,1535
sim chêng,0,1534
sim hēng,0,4229
sim koaⁿ,0,817
sim koaⁿ íⁿ á,0,3607
sim lāi,0,474
sim pū,0,2679
sim sek,0,818
sin lâng,0,5272
sin khu,0,461
sin lô,0,2657
sin pū,0,2679
sin seⁿ,0,470
sin si,0,2352
sin súi,0,3723
sin thé,0,1117
sio chioh mn̄g,0,4262
sio cheⁿ,0,2636
sio chhiong,0,3008
sio ián,0,2089
sio kâng,0,2669
sio kāng,0,2669
sio kēng,0,3374
sio mā,0,3233
sio mē,0,3233
sio phah,0,1050
sio siâng,0,2670
sio siāng,0,2670
sio sî,0,2647
sioh,0,3268
siok bo̍k,0,3128
siok sià,0,3316
siok tê,0,3317
siok tôe,0,3317
siong sìn,0,822
siong tiōng,0,2687
sio̍k,0,1048
sio̍k tī,0,1049
sio̍k pháng,0,1786
sip,0,2661
sit kak chhat,0,3415
sit khì,0,3108
sit pôe,0,1297
sit tek,0,1533
siu hēng,0,5223
siuⁿ,0,480
siuⁿ láng,0,3348
siuⁿ si,0,1750
siuⁿ si á,0,4067
sià bián,0,3538
sià sì chèng,0,1691
sià sì sià chèng,0,1692
siàm,0,3458
siàm jiō,0,3461
siàn,0,819
siàng miā,0,4045
siàu,0,1899
siàu liân,0,473
siàu liām,0,2662
siàu phō͘,0,3429
siàu siūⁿ,0,2676
siàⁿ,0,3292
siá,0,126
siám,0,1693
siám phiah,0,1694
siám pī,0,1695
sián,0,3765
siáng,0,816
siáng siāng,0,2686
siáu,0,914
siáu soat,0,4789
siáⁿ,0,471
siáⁿ siâu,0,2627
siáⁿ hè,0,2656
siáⁿ hòe,0,2656
siáⁿ lâng,0,1716
siáⁿ mih,585,469
siáⁿ mi̍h,585,469
siâng sè,0,821
siâⁿ,0,467
siòng,0,3546
siòng miā,0,4045
sió,0,476
sió tán,0,3133
sió chiá,0,1115
sió chím,0,4179
sió khóa,0,1114
sió khóa á,0,3132
sió kńg,0,2685
sió soat,0,4789
sió tī,0,4683
sióng siōng,0,2686
siông sè,0,821
siông sòe,0,821
siùⁿ,0,1714
siú,0,4306
siû,0,2660
siû chúi,0,2659
siûⁿ,0,2692
siā hōe,0,382
siā liû,0,4750
siān,0,1717
siān ang á,0,1398
siān lang á,0,1398
siān lâng,0,1399
siān lâng á,0,1398
siān thâng,0,1399
siān thâng á,0,1398
siāng bóe,0,4608
siāng khoán,0,2673
siāng kài,0,820
siāng sî,0,4735
siăn pái,0,4882
siăn sé,0,4881
siōng bé,0,4608
siōng bóe,0,4608
siōng kài,0,820
siū,0,479
siū tio̍h,0,4914
siū khì,0,823
siūⁿ,2059,73
siūⁿ beh,0,824
siūⁿ boeh,0,824
siūⁿ kóng,0,5084
siūⁿ tio̍h,0,4713
siūⁿ bē kàu,0,1749
siūⁿ bōe kàu,0,1749
siūⁿ khì,0,823
siūⁿ poe,0,1748
si̍t,0,1423
si̍t bîn,0,1715
si̍t chāi,0,478
si̍t kó͘,0,1424
so,0,2696
soa,0,1046
soa bûn chú gī,0,2698
soa hî,0,2706
soah,796,486
soah bé,0,3093
soah bóe,0,3093
soan,0,2712
soat bûn,0,1815
soat hî,0,4309
soaⁿ,0,14
soaⁿ kha,0,5228
soaⁿ lāi,0,5030
soaⁿ lūn,0,3213
soaⁿ me̍h,0,3570
soaⁿ phiâⁿ,0,1438
soe,0,1437
soe chng,0,1861
soe siâu,0,2701
soeh,0,4222
soeh to siā,0,1784
soh,0,910
soh á,0,2700
sok ka,0,2359
sok kiat,0,3280
sok pa̍k,0,1593
sok sià,0,3316
soàn jiông,0,3979
soàn thâu,0,3973
soàn á,0,3974
soāiⁿ á,0,1720
soān,0,2713
soān chio̍h,0,2708
so̤h,0,3178
su,0,2715
su bûn,0,3720
su hāu,0,4088
su hū,0,1532
su iàu,0,2717
su iâⁿ,0,2716
su kong,0,2695
su siá,0,4842
su siáng,0,4266
su sióng,0,4266
su siúⁿ,0,4267
su tong sî,0,3721
suh,0,910
suh kóng,0,1274
sui,0,2375
sui bóng,0,1273
sui jiân,0,492
suiⁿ,0,1713
sun á,0,4174
sut,0,1201
sut á,0,1202
sàn,0,2634
sàn chhiah,0,2632
sàn chia̍h,0,2633
sàn hiong,0,2635
sàu,0,3223
sàu chhiú,0,2639
sàu chiú,0,2639
sàu tè,0,1359
sái,0,2619
sán,0,2625
sán chhân,0,2626
sáⁿ,0,471
sáⁿ siâu,0,2627
sáⁿ hòe,0,2656
sáⁿ lâng,0,1716
sáⁿ mih,585,469
sâ se,0,1638
sâng,0,2665
sè,0,455
sè hàn,0,453
sè jī,0,2643
sè kan,0,454
sè kài,0,379
sè lia̍p chí,0,2644
sè pau,0,3212
sè thâu,0,995
sè î,0,4183
sèng,0,459
sèng tē,0,1721
sèⁿ,0,4864
sèⁿ miā,0,1361
sé,0,1697
sêng,0,460
sêng hun,0,5236
sì,0,125
sì kha á,0,3956
sì kè,0,463
sì kòe,0,463
sì kù liân,0,3657
sì siù,0,3033
sì siù á,0,3032
sì sòaⁿ,0,4825
sìn,0,819
sìn táu,0,3145
sí,1004,124
sí gín ná che,0,3438
sí gín á che,0,3438
sí thé,0,2351
sím mih,585,469
sím mi̍h,585,469
sî,1775,62
sî chūn,0,464
sî kan,0,380
sî sè,0,5245
sî tāi,0,381
sîn,0,2680
sòa,0,485
sòa chhùi,0,2702
sòa thoaⁿ,0,1711
sòaⁿ,0,980
sòe,0,455
sòe hàn,0,453
sòe jī,0,2643
sòe lia̍p chí,0,2644
sòe pau,0,3212
sòe î,0,4183
sòng phàn,0,2699
sò͘ bûn,0,5013
só kńg,0,2685
só sî,0,2697
sóa,0,2705
sóa kháu,0,4538
sóe,0,1697
sóng,0,1783
sóng khoài,0,2693
só͘,1558,482
só͘ chāi,902,483
só͘ pái,0,731
só͘ tì,0,3399
só͘ í,669,131
só͘ ū,0,484
sô,0,1047
sông,0,1782
sù chi,0,3130
sù hái,0,4918
sù kùi,0,3452
sù phòe,0,3104
sù siông,0,2704
sù sī,0,912
sú iōng,0,383
súi,0,489
súi ke,0,3404
súi khùi,0,3367
súi koe,0,3404
sún,0,911
sún á,0,4231
sû su,0,1795
sû tián,0,1794
sûi,0,695
sûi chāi,0,4219
sûi sî,0,1275
sûn,0,2719
sāng,0,2668
sēng,0,2646
sēng sòa,0,913
sī,10206,33
sī kóng,0,5287
sī m̄ sī,0,465
sī tōa,0,1690
sī tōa lâng,0,1491
sīm,0,1113
sīm chì,0,4909
sīn poe,0,1748
sīn sòa,0,913
sīⁿ,0,2681
sńg,0,1712
sńg chhiò,0,1751
sū,0,488
sū hāu,0,4088
sū si̍t,0,4792
sū su̍t,0,4969
sū sū,0,4970
sūn,0,4700
sūn kiâⁿ,0,4038
sūn sòa,0,913
sūn sī,0,2721
sūn sū,0,2721
sŭi tó͘,0,3337
sǹg,0,481
ta,100,753
ta ke,0,751
ta ke koaⁿ,0,750
ta koaⁿ,0,752
ta mī,0,765
ta po͘,0,749
ta sò,0,3553
tah,0,756
tah hiahⁿ,0,3514
tah lo̍h,0,4962
tah sim,0,766
tah èng,0,768
tah ūi,0,2745
tai,0,168
taih,0,4958
tak,0,2776
tam,0,2749
tam tng,0,2777
tang hún,0,1967
tang sî,0,503
tang sî á,0,3483
tang tiong,0,3626
tap èng,0,768
tau,0,2736
ta̍h,0,2775
ta̍k,0,494
ta̍k ê,0,501
ta̍k ke,0,502
ta̍k kē,0,502
ta̍p ta̍p tih tih,0,3562
ta̍t,0,1233
ta̍t chîⁿ,0,1231
ta̍t tit,0,1234
ta̍t á,0,4105
ta̍uh ta̍uh,0,2783
ta̍uh ta̍uh á,0,2782
taⁿ,795,134
taⁿ chiah,0,1107
taⁿ á,0,1108
teh,3396,54
teh beh,0,591
teh boeh,0,591
tek chhiuⁿ,0,4617
tek khak,0,510
tek ko,0,2774
tek kóng,0,4433
tek phō,0,3447
tek pâi,0,3548
tek pâi á,0,3549
tek si̍t,0,4602
tek á,0,4030
teng lêng,0,3752
te̍k pia̍t,0,384
thah,0,2734
thai,0,4106
thai á,0,4107
thang,2885,67
thang hó,0,989
thang kng,0,990
thang á mn̂g,0,988
thap,0,2386
thap siū,0,2521
that,0,993
that that tīⁿ,0,991
that tó ke,0,992
that tó koe,0,992
thau the̍h,0,742
tha̍h,0,2870
tha̍k,0,523
tha̍k chheh,0,4679
tha̍k chheh lâng,0,5048
tha̍k chu,0,5049
the,0,2812
the sî,0,2648
the̍h,750,531
the̍h hun á,0,3341
theⁿ,0,2812
thiah,0,1640
thiam,0,3707
thian têng,0,4702
thiat ha̍k,0,3410
thiau chiàn,0,2955
thiau kang,0,915
thiau lāng,0,3098
thiau tî,0,2821
thiau ì kò͘,0,2820
thia̍p,0,2871
thiaⁿ kìⁿ,0,4241
thiaⁿ kóng,0,5083
thiaⁿ tio̍h,0,4680
thih,0,2798
thih bé,0,2764
thih pê,0,1079
thih thûi,0,3542
thit thô,0,881
thiu chhiam,0,1980
thiu siāng,0,3002
thiu siōng,0,3002
thiàu,0,4812
thiàu tâng,0,2759
thiàⁿ,0,534
thiàⁿ sioh,0,2761
thiàⁿ thàng,0,2763
thiám,0,2760
thián,0,4334
thiò,0,4113
thiòng,0,2754
thióng,0,3422
thióng á,0,3423
thiāu,0,3148
thiāu á,0,3149
thiāu á chí,0,3692
thiⁿ,0,535
thng sî,0,3164
tho má toh,0,2834
thoa,0,2827
thoa bôa,0,2826
thoa soa,0,2825
thoah,0,3722
thoah se,0,3726
thoah thang,0,2835
thoah á,0,2836
thoaⁿ,0,1710
thong,0,4753
thoân thóng,0,1364
thoân tō,0,4808
tho̍k chiá,0,5288
tho͘ má toh,0,2834
tho͘ má to͘h,0,2834
thuh,0,2837
thuh chhàu,0,2839
thui chiàn,0,3271
thui sak,0,1341
thun lún,0,2396
thut,0,2841
thut chhê,0,2842
thut chhôe,0,2842
thài,0,2733
thài tō͘,0,4108
thàn,0,524
thàn chia̍h,0,2732
thàn chá,0,5056
thàn chîⁿ,0,5057
thàng,0,2803
thàng thiàⁿ,0,2762
thàu,0,994
thàu chá,0,5276
thái,0,2734
thái ko,0,2799
thán chhu,0,1788
thán hoâiⁿ,0,2731
thán hûiⁿ,0,2731
thán á,0,4216
tháu,0,1111
tháⁿ,0,2802
thâ tú á,0,1110
thâi,0,512
thâm tú á,0,1110
thâu hîn ba̍k àm,0,4588
thâu chang,0,1635
thâu chêng,0,4737
thâu ke,0,743
thâu khak,0,526
thâu lō͘,0,744
thâu mn̂g,0,741
thâu mo͘,0,741
thâu tú á,0,1110
thè,0,530
thèng hó,0,2814
thèng hāu,0,533
thèⁿ,0,2811
thèⁿ thúi,0,2813
théng,0,4782
théng sēng,0,2819
thê chhiàng,0,1765
thê chhiòng,0,1765
thê kiong,0,3985
thê kióng,0,3985
thêng,0,2816
thêng chí,0,2815
thì,0,3111
thì thâu,0,3110
thì thúi,0,2813
thí,0,2818
thí chhiò,0,2817
thîn,0,2822
thò tòng,0,2845
thòaⁿ,0,1363
thòe,0,530
thò͘,0,2797
thò͘ á,0,4117
thó,0,5010
thó chia̍h,0,5051
thó chè,0,3286
thó hái,0,5050
thó hî,0,5054
thó thàn,0,5055
thó ià,0,2074
thó lūn,0,4885
thóng it,0,4887
thó͘ chi̍h,0,3313
thó͘ tōa khùi,0,3309
thó͘ khùi,0,3312
thó͘ khùi pûn hāiⁿ,0,3311
thó͘ tē,0,4095
thó͘ tōe,0,4095
thô͘ chúi,0,4960
thô͘ hún,0,2833
thô͘ kha,0,537
thô͘ phú,0,3889
thô͘ sat,0,2832
thô͘ thoh hî,0,2844
thô͘ thuh hî,0,2844
thô͘ tāu,0,2830
thún ta̍h,0,3522
thûi,0,3545
thûi á,0,3544
thāi tō͘,0,4108
thāu,0,1457
thīn,0,2370
thīⁿ,0,2823
thōa,0,2846
thūn,0,2840
thǹg,0,2755
thǹg pak theh,0,2756
ti,0,1580
ti ko,0,2772
ti ko pn̄g,0,2773
ti tiam,0,4379
ti tu,0,4380
ti á kiáⁿ,0,4561
tiam,0,4378
tian tò,0,2769
tian tò péng,0,2770
tiang sî,0,503
tiat ha̍k,0,3410
tiau cha,0,3321
tiau kang,0,915
tiau tî,0,2821
tiau ì kò͘,0,2820
tia̍h,0,4114
tia̍p,0,542
tih,1698,54
tih beh,0,591
tih boeh,0,591
tioh,0,2875
tiong kan,0,546
tiong ng,0,713
tiong tàu,0,2874
tio̍h,8871,10
tio̍h che,0,3437
tio̍h kiaⁿ,0,5210
tio̍h kâu,0,4104
tio̍h sī,0,161
tio̍h ài,203,694
tio̍h bôa,0,4310
tit,0,4999
tit beh,0,591
tit tio̍h,414,4741
tiuh,0,2875
tiuⁿ tî,0,689
tiàm,0,540
tiàm á,0,4871
tiàu,0,786
tiàu oán,0,1479
tiàu tāu,0,5183
tiám,0,539
tiám cheng,0,1001
tiám tuh,0,2877
tián,0,2771
tián hêng,0,5190
tiáⁿ,0,3289
tiâu,0,543
tiâu cha,0,3321
tiâu ti̍t,0,2768
tiâu têng,0,4701
tiò hî,0,3119
tiô,0,2939
tiô hì,0,4896
tiùⁿ,0,2934
tiúⁿ ló,0,4694
tiû tî,0,2933
tiû tû,0,2933
tiûⁿ,0,3136
tiām,0,1000
tiām tiām,0,999
tiān hé pho̍k á,0,3598
tiān hóe pho̍k á,0,3598
tiān ōe,0,4834
tiāu cha,0,3321
tiāⁿ,0,3307
tiāⁿ tio̍h,0,2753
tiāⁿ tiāⁿ,0,541
tiō sī,0,161
tiōng,0,4747
tiōng iàu,0,4686
tiū á,0,690
tiūⁿ ḿ,0,687
ti̍h á,0,2864
ti̍t,0,691
ti̍t ti̍t,0,4690
ti̍t á,0,2752
tiⁿ,0,734
tng,0,549
tng teh,0,3084
tng goân chhe,0,4365
tng goân chhoe,0,4365
tng goân chho͘,0,4365
tng tang sî,0,3482
tn̂g lò lò,0,2930
tn̂g á,0,2931
tn̄g,0,2409
to,1896,552
to chí,0,4428
to siā,0,2801
toan tiah,0,3649
toh á,0,985
tok,0,2750
tok ku,0,2909
tok phīⁿ,0,4094
tong jiân,0,4696
tong sî,0,4734
to̍h,0,984
to̍h sī,0,161
to̍k li̍p,0,2653
tu,0,2917
tu sek,0,2913
tuh,0,2912
tuh ku,0,2908
tu̍h,0,1103
tu̍h lān,0,1102
tà,0,2744
tà bông,0,2722
tài,0,4290
tài liām,0,1433
tài soe,0,1436
tàm,0,2780
tàm thâu,0,2779
tàn,0,1022
tàn hiat ka̍k,0,4040
tàn sak,0,1021
tàng sng,0,3189
tàu,0,504
tàu saⁿ kāng,0,1431
tàu té,0,3409
tàu tí,0,3409
tàu tóe,0,3409
tàu tīn,0,568
tàⁿ,0,1426
tàⁿ á,0,5203
tàⁿ á mī,0,5204
tá,0,4959
tá lo̍h,0,4962
tá ūi,0,2745
tá ūi á,0,4963
tán,0,495
tán le,0,2746
tán leh,0,2746
tán thāi,0,5258
táu,0,1432
táu kài,0,4581
táⁿ chah,0,1329
táⁿ tia̍p,0,2872
tâi,0,978
tâm,0,1142
tâng chê,0,3159
tâng chôe,0,3159
tâng ki,0,1033
tâng sāi,0,4257
tâu,0,5008
tâu phiò,0,3425
tâu á,0,4610
tèng,0,2735
tèng ko͘ ki,0,4436
tèⁿ,0,2785
tèⁿ chheⁿ,0,3398
té,0,1164
té tì,0,2784
téng,0,511
téng bīn,0,4708
téng chin,0,3966
téng koân,0,874
téng thâu,0,5235
téng téng,0,4744
téng î,0,5336
téng û,0,5336
tê,0,2725
tê au,0,4521
tê kho͘,0,4522
tê kó͘,0,1167
tê soaⁿ,0,4517
têng,0,2791
têng sûn,0,2792
têng tha̍h,0,2869
têng tâⁿ,0,2730
têng á kha,0,2724
tì,0,1579
tì kàu,0,538
tì sek,0,1279
tì ìm,0,3991
tìm,0,2780
tìm thâu,0,2779
tìn,0,733
tìn tè,0,2767
tín tāng,0,735
tî pê,0,5335
tîm,0,2943
tîm tāng,0,2941
tîⁿ,0,2940
tò,0,840
tò khì,0,4891
tò chhiú,0,1832
tò gâ,0,725
tò hoan thâu,0,4890
tò páiⁿ,0,947
tò péng,0,947
tò pêng,0,1833
tò thâu chai,0,1631
tò tńg,0,1373
tòa,0,136
tòa tī,0,4828
tòaⁿ,0,4069
tòe,0,559
tòng,0,2848
tòng bē tiâu,0,1366
tòng bōe tiâu,0,1366
tòng chò,0,757
tòng chòe,0,757
tòng gōng,0,2847
tòng soán,0,758
tòng àn,0,2849
tòng á,0,3892
tò͘,0,721
tó,0,553
tó lo̍h,0,4956
tó khì,0,4891
tó ūi,0,554
tó ūi á,0,4963
tóe,0,1165
tóe tì,0,2784
tóng,0,1002
tóng àn,0,2849
tó͘,0,490
tó͘ khì,0,3552
tó͘ kiông,0,3551
tôaⁿ,0,2923
tôaⁿ khîm,0,2924
tông chhong,0,2851
tô͘,0,4953
tô͘ chí,0,4427
tù chok,0,1493
tùi,2175,74
tùi chhiong,0,3004
tùi liân,0,3663
tùi siāng,0,2154
tùi siōng,0,2154
tùi tâng,0,4366
tú,0,561
tú tio̍h,122,4673
tú chhian,0,1101
tú chiah,0,1098
tú hó,0,562
tú á,0,1099
tú á hó,0,1100
tún,0,5004
tû khì,0,1333
tû khí,0,1333
tû pâng,0,4394
tûi,0,2155
tûi sim koaⁿ,0,2156
tāi,0,1435
tāi chì,945,133
tāi ha̍k,0,4707
tāi jîn,0,4836
tāi ke,0,500
tāi khài,0,3198
tāi khài á,0,3199
tāi kē,0,500
tāi seng,0,493
tāi tông á,0,3734
tām po̍h,0,1143
tām po̍h á,0,2738
tān sī,0,497
tāng,0,499
tāu chhiam,0,1982
tāu hū,0,4490
tāu iû,0,4491
tāu koaⁿ,0,2919
tāu se,0,5007
tāu sīⁿ,0,2682
tāu tāu á,0,2782
tāⁿ,0,1426
tē,0,506
tē it,0,4661
tē chian,0,4215
tē tāng,0,3091
tē á,0,4892
tēng hun,0,2723
tī,6706,39
tī leh,0,2853
tī teh,0,2853
tī le,0,2854
tī lāng,0,3349
tī sî,0,916
tīm,0,3106
tīⁿ,0,732
tńg,0,550
tńg khì,0,4675
tńg lâi,0,4671
tńg tōa lâng,0,4046
tō sī,216,161
tō lí,0,557
tōa,1855,63
tōa siaⁿ,0,4762
tōa táⁿ,0,2850
tōa ê,0,558
tōa bú,0,556
tōa ché,0,717
tōa chí,0,717
tōa hàn,0,716
tōa hêng,0,5201
tōa khian,0,3144
tōa kho͘,0,2928
tōa kho͘ tai,0,2929
tōa lâng,0,4835
tōa o̍h,0,4707
tōa pān,0,1811
tōa pō͘ bó,0,5079
tōa pō͘ bú,0,5079
tōa pū bó,0,5079
tōa pū ong,0,5081
tōa sè siaⁿ,0,5077
tōa sè sim,0,5078
tōa sè siān,0,5076
tōa sòe siaⁿ,0,5077
tōa sòe sim,0,5078
tōa sòe siān,0,5076
tōa thâu bó,0,5080
tōa thâu bú,0,5080
tōa tiâu,0,1365
tōaⁿ,0,2918
tōe,0,506
tōe chian,0,4215
tōe tāng,0,3091
tōng bu̍t,0,1367
tō͘ châi,0,2993
tō͘ chè,0,2994
tō͘ kim,0,2996
tō͘ tiám,0,2997
tūn,0,2153
tǹg,0,2787
tǹg phiò,0,2998
u,0,4594
u jiám,0,2152
ui,0,2148
ui hia̍p,0,4342
ui hêng,0,5202
uih,0,2518
un jiû,0,1278
un sûn,0,2143
ut,0,2138
ut chut,0,2137
u̍ih,0,2525
eh,0,149
haⁿ,0,3589
hio͘,0,1465
ho͘hⁿ,0,569
ho͘ⁿ,0,569
la,0,84
le,0,188
li,0,149
liau,0,3170
lih,0,149
lo,0,570
loai,0,3357
loe,0,3358
loh,0,570
loâi,0,3357
lo͘,0,570
lo͘h,0,570
ma,0,148
ne,0,189
ni̍h,0,149
no͘,0,1466
nò͘,0,1466
à soaⁿ,0,1505
ài sîn,0,4576
àm kheⁿ á,0,1517
âng,0,158
âng khak tiûⁿ,0,4233
âng mn̂g,0,4201
âng mn̂g káng,0,4204
âng mô͘,0,4201
éng khong,0,3824
ìn tō͘,0,5016
î pó,0,4619
îⁿ soaⁿ,0,1069
ò chiu,0,1730
ông,0,404
ô͘,0,1735
ô͘ lāi,0,3814
ô͘ sai,0,3249
ú súi,0,5332
úi,0,4248
úiⁿ,0,826
û,0,3010
ûiⁿ,0,829
ûn sio,0,3061
à pà,0,593
ài,3783,75
ài beh,0,4569
ài boeh,0,4569
ài chhiò,0,4568
ài chèⁿ,0,4570
ài chîⁿ,0,4571
ài khàu,0,4189
ài khùn,0,4188
ài súi,0,4187
ài chêng,0,4572
ài jîn,0,3485
ài kok,0,3484
ài sim,0,4575
ài sioh,0,4574
ài ia,0,1508
ài io,0,1510
ài io oe,0,1509
àm,0,155
àm bong bong,0,1516
àm mo͘ mo͘,0,1516
àm an,0,4191
àm bin bong,0,5310
àm chīⁿ,0,4048
àm mê,0,1138
àm pn̄g,0,4192
àm sî,0,624
àm tǹg,0,2789
àn,0,156
àn nāi,0,1646
àn sǹg,0,4194
àng,0,617
àng á,0,4195
àu,0,601
àu náu,0,3530
àu tū tū,0,2916
àⁿ,0,3622
àⁿ io,0,4563
àⁿ thâu,0,4562
á nā,0,1507
á sī,0,287
á bô,0,4164
á bē,0,1065
á bōe,0,1065
á kah,0,2073
á koh,0,1067
ái ia,0,1508
ám,0,1514
án,0,5255
án chóaⁿ,0,157
án ne,1539,81
án ne seⁿ,0,4584
án ne seⁿ á,0,4585
án ne siⁿ,0,4584
án ni,655,81
án niá,0,5256
án niâ,0,1951
án nóa,0,157
áu,0,602
áu bân,0,603
ân,0,623
âng chau,0,4234
âng chô,0,4924
âng chô hî,0,4925
âng eⁿ á,0,4238
âng hê,0,1990
âng iⁿ á,0,4238
âng khak,0,4232
âng khan,0,2263
âng khian,0,2263
âng khī,0,3674
âng mn̂g thô͘,0,4622
âng mô͘ thô͘,0,4622
è,0,3102
è sè,0,3103
èng chhài,0,1211
èng kai,0,257
é,0,1213
é káu,0,1169
éng chūn,0,3101
éng hiáng,0,1094
éng hióng,0,1094
éng kè,0,1210
éng kòe,0,1210
éng oán,0,4692
éng pái,0,1176
éng éng,0,865
ê,33807,32
ê sî,0,4579
ê ōe,0,254
ê chái,0,1895
ê chái á,0,1896
ê hng,0,1179
ê tàu,0,1898
ê àm,0,1893
ê àm sî,0,1894
ê á,100,5328
êng,0,864
êng iáng,0,1379
êng ióng,0,1379
ì sek,0,4911
ì sù,0,283
ìm si,0,2353
ìm sīⁿ,0,2684
ìm sīⁿ á,0,2683
ìm ńg,0,3992
ìn,0,284
ìn sióng,0,3025
ìn siāng,0,3025
ìn siōng,0,3025
í chêng,0,4733
í gōa,0,4714
í keng,585,117
í ki̍p,0,4689
í liâu,0,2070
í tiâu,0,2070
í á,0,2068
í āu,0,4681
ín chún,0,1277
íⁿ,0,3606
î it,0,3100
î sin,0,2067
îⁿ,0,1068
îⁿ á,0,2107
ò biāu,0,3180
ò giô,0,2515
ò miāu,0,3180
òaⁿ,0,784
òe,0,3102
òe sòe,0,3103
óa,0,401
óa sin,0,5301
óaⁿ ko,0,1584
óaⁿ ké,0,4637
óaⁿ kóe,0,4637
óe,0,1213
ó͘,0,2518
ô te,0,2517
ô á,0,1734
ôe,100,5325
ông lâi,0,1310
ù jiám,0,2152
ùi,0,74
ùi joa̍h,0,4991
ùi kôaⁿ,0,4989
ùn,0,2147
ùn chiàng,0,2140
ùn á,0,2010
úi tō͘,0,4400
ún,0,738
ún chún,0,1277
ún ku,0,2144
ún tak tak,0,740
ún tàng,0,739
ûi it,0,3100
ûi pōe,0,3052
ûi sin,0,2067
ûn,0,2097
ûn chng,0,3411
ûn ná,0,2522
ûn á,0,2141
ûn ûn,0,3648
ûn ûn á,0,2142
āu lâng,0,626
āu ngē,0,1520
āu piah liâu,0,3887
āu soaⁿ,0,4207
āu âng,0,1519
ā,0,65
ā sī,0,288
ā sái,0,595
ā tio̍h,0,5264
ā ū,0,5263
āi iŏ,0,1510
āi ia,0,1508
āi io,0,1510
āiⁿ,0,944
ām,0,1515
ām kún,0,567
ām niá,0,5311
ām á niá,0,5312
āu,0,159
āu bé,0,4206
āu bóe,0,4206
āu ji̍t,0,599
āu lâi,0,162
āu pêng,0,4752
āu teⁿ,0,2221
āⁿ,0,2743
ăi io,0,1510
ăi io oe,0,1509
ău,0,4166
ē chio̍h pâi,0,3760
ē iâⁿ,0,3881
ē káng,0,3768
ē mn̂g,0,871
ē nâ,0,4333
ē,4776,47
ē hiáu,0,1170
ē hô,0,1891
ē hù,0,1173
ē iōng tit,0,4462
ē kham tit,0,4444
ē kì tit,0,4461
ē sái,0,869
ē sái tit,0,4463
ē tàng,0,255
ē ēng tit,0,4462
ē hiáng,0,1574
ē hng,0,1179
ē hoâi,0,1897
ē hâi,0,1897
ē kha,0,1168
ē po͘,0,870
ē tàu,0,1898
ē té,0,868
ē tóe,0,868
ēng,757,64
ī,0,2069
ńg,0,826
ōng châng,0,3645
ō ké khiau,0,1525
ōaⁿ,0,1772
ōaⁿ thiap,0,2514
ōe,974,120
ōe hó͘ lān,0,5317
ōe chong,0,1863
ōm,0,1515
ō͘,0,571
ō͘ kóe khiau,0,1525
ō͘ nî,0,4319
ō͘ oân,0,5306
ŏ ián,0,2800
ŏe,0,1467
ŏ͘,0,2509
ŏ͘ ián,0,2800
ū,12082,35
ū hāu,0,2151
ū iáⁿ,0,1105
ū kàu,0,1237
ū sin,0,4261
ū sî,0,563
ū êng,0,863
ū sî á,0,3288
ū tang sî á,0,1369
ūi,713,564
ūi hó͘ lān,0,5317
ūi chong,0,1863
ūi hô,0,5248
ūi tio̍h,472,138
ūn tô͘,0,4955
ūn tōng,0,385
ǹg,0,2494
ǹg bāng,0,398
